City_ID,City,Country,Date,Lat,Lng,Max Temp,Humidity,Cloudiness,Wind Speed
0,Tiksi,RU,2022-03-14 02:30:27,71.6872,128.8694,-15.34,98,98,1.52
1,Bethel,US,2022-03-14 02:30:28,41.3712,-73.414,28.65,72,20,5.75
2,San Patricio,US,2022-03-14 02:30:28,28.017,-97.5169,64.26,77,84,8.52
3,Klaksvik,FO,2022-03-14 02:30:28,62.2266,-6.589,45.52,94,65,14.56
4,Nanortalik,GL,2022-03-14 02:30:29,60.1432,-45.2371,29.41,92,100,19.73
5,Hilo,US,2022-03-14 02:27:21,19.7297,-155.09,78.53,72,100,12.66
6,Hithadhoo,MV,2022-03-14 02:30:29,-0.6,73.0833,82.89,71,100,4.43
7,Mount Gambier,AU,2022-03-14 02:30:29,-37.8333,140.7667,76.91,61,100,9.22
8,Chokurdakh,RU,2022-03-14 02:30:30,70.6333,147.9167,-4.54,86,100,4.83
9,Beyneu,KZ,2022-03-14 02:30:30,45.3167,55.2,29.32,77,100,8.21
10,Belmonte,BR,2022-03-14 02:30:30,-15.8631,-38.8828,77.86,86,92,5.08
11,Khatanga,RU,2022-03-14 02:30:31,71.9667,102.5,-2.42,95,100,11.43
12,Teya,RU,2022-03-14 02:30:31,60.3778,92.6267,-1.14,90,65,0.43
13,Macheng,CN,2022-03-14 02:30:31,31.1783,115.0319,74.03,65,98,14.0
14,Vaini,TO,2022-03-14 02:30:32,-21.2,-175.2,84.36,79,40,5.75
15,Ribeira Grande,PT,2022-03-14 02:30:32,38.5167,-28.7,56.16,63,99,8.57
16,Constitucion,CL,2022-03-14 02:30:32,-35.3333,-72.4167,60.17,75,0,1.68
17,East London,ZA,2022-03-14 02:30:32,-33.0153,27.9116,66.27,92,100,18.7
18,Laguna,US,2022-03-14 02:30:33,38.421,-121.4238,62.89,46,0,8.05
19,Norman Wells,CA,2022-03-14 02:30:33,65.282,-126.8329,-3.96,59,0,0.0
20,Port Hedland,AU,2022-03-14 02:30:33,-20.3167,118.5667,95.05,59,0,10.36
21,Tilichiki,RU,2022-03-14 02:30:34,60.4667,166.1,14.34,71,0,6.64
22,Hobart,AU,2022-03-14 02:29:50,-42.8794,147.3294,64.26,85,75,12.66
23,Rikitea,PF,2022-03-14 02:30:34,-23.1203,-134.9692,80.33,71,88,14.38
24,Sanmenxia,CN,2022-03-14 02:30:35,34.7747,111.1814,68.04,23,99,5.77
25,Port Pirie,AU,2022-03-14 02:30:35,-33.1833,138.0167,89.69,24,70,6.87
26,Yara,CU,2022-03-14 02:30:35,20.2753,-76.9533,75.25,79,29,9.35
27,San Cristobal,VE,2022-03-14 02:30:36,7.7669,-72.225,71.78,97,100,1.72
28,Tessalit,ML,2022-03-14 02:30:36,20.1986,1.0114,70.57,11,0,8.32
29,Sinnamary,GF,2022-03-14 02:30:36,5.3833,-52.95,76.23,93,100,11.16
30,Aquiraz,BR,2022-03-14 02:30:01,-3.9014,-38.3911,82.06,82,95,4.14
31,Ushuaia,AR,2022-03-14 02:27:34,-54.8,-68.3,38.86,87,100,21.85
32,Upata,VE,2022-03-14 02:30:37,8.0086,-62.3989,70.07,89,100,4.74
33,Port Alfred,ZA,2022-03-14 02:30:37,-33.5906,26.891,66.24,87,100,28.05
34,Farafangana,MG,2022-03-14 02:30:37,-22.8167,47.8333,74.91,85,78,3.22
35,Butaritari,KI,2022-03-14 02:30:38,3.0707,172.7902,81.66,72,4,19.71
36,Castro,BR,2022-03-14 02:28:40,-24.7911,-50.0119,63.39,98,100,0.63
37,Mataura,NZ,2022-03-14 02:27:28,-46.1927,168.8643,65.48,47,41,5.44
38,Bluff,NZ,2022-03-14 02:30:38,-46.6,168.3333,65.8,73,62,6.42
39,Malinovoye Ozero,RU,2022-03-14 02:30:38,51.6753,79.7825,9.66,82,93,6.31
40,Kodinsk,RU,2022-03-14 02:27:33,58.6881,99.1844,-7.22,97,100,2.91
41,Balabac,PH,2022-03-14 02:30:39,7.9868,117.0645,84.74,70,88,6.73
42,Kapaa,US,2022-03-14 02:30:39,22.0752,-159.319,79.12,68,0,11.5
43,Chuy,UY,2022-03-14 02:27:31,-33.6971,-53.4616,60.3,83,0,5.48
44,Byron Bay,AU,2022-03-14 02:30:39,-28.65,153.6167,76.89,70,72,12.64
45,Atuona,PF,2022-03-14 02:30:40,-9.8,-139.0333,79.12,72,100,14.5
46,Santa Cruz,BO,2022-03-14 02:27:35,-17.8,-63.1667,74.66,73,75,5.75
47,Kavaratti,IN,2022-03-14 02:30:40,10.5669,72.642,83.19,70,30,6.24
48,Kodiak,US,2022-03-14 02:30:41,57.79,-152.4072,38.71,87,100,20.71
49,Mahebourg,MU,2022-03-14 02:30:41,-20.4081,57.7,79.25,88,75,5.75
50,Geraldton,AU,2022-03-14 02:30:41,-28.7667,114.6,81.01,57,22,10.36
51,Carnarvon,AU,2022-03-14 02:30:41,-24.8667,113.6333,82.47,51,0,14.97
52,Luderitz,NA,2022-03-14 02:30:42,-26.6481,15.1594,61.52,70,0,28.07
53,Port Hardy,CA,2022-03-14 02:30:42,50.6996,-127.4199,46.58,81,100,14.97
54,Mar Del Plata,AR,2022-03-14 02:30:43,-38.0023,-57.5575,66.09,89,1,8.01
55,Masakin,TN,2022-03-14 02:30:43,35.7292,10.5808,58.46,88,40,6.91
56,Nola,IT,2022-03-14 02:30:43,40.922,14.5329,48.92,71,1,4.63
57,Avarua,CK,2022-03-14 02:30:44,-21.2078,-159.775,84.25,74,20,5.75
58,New Norfolk,AU,2022-03-14 02:30:44,-42.7826,147.0587,63.9,64,100,1.99
59,Trat,TH,2022-03-14 02:30:44,12.5,102.5,87.82,61,99,3.36
60,Bredasdorp,ZA,2022-03-14 02:30:45,-34.5322,20.0403,52.92,71,64,8.05
61,Isangel,VU,2022-03-14 02:30:45,-19.55,169.2667,85.01,68,62,3.36
62,Altamira,BR,2022-03-14 02:29:50,-3.2033,-52.2064,72.14,98,100,2.1
63,Faanui,PF,2022-03-14 02:30:45,-16.4833,-151.75,82.09,72,99,10.76
64,Bengkulu,ID,2022-03-14 02:30:46,-3.8004,102.2655,81.03,78,100,7.87
65,Beringovskiy,RU,2022-03-14 02:30:46,63.05,179.3167,7.11,84,2,5.82
66,Liuzhou,CN,2022-03-14 02:30:46,24.3126,109.3892,74.53,72,100,2.35
67,Victoria,HK,2022-03-14 02:27:47,22.2855,114.1577,79.95,78,38,8.01
68,Kaitangata,NZ,2022-03-14 02:30:46,-46.2817,169.8464,62.2,70,29,7.05
69,Hasaki,JP,2022-03-14 02:30:47,35.7333,140.8333,70.2,66,14,3.06
70,Portland,US,2022-03-14 02:26:16,45.5234,-122.6762,50.83,87,100,8.01
71,Busselton,AU,2022-03-14 02:28:39,-33.65,115.3333,75.7,59,52,5.61
72,Bela Vista,BR,2022-03-14 02:30:47,-22.1089,-56.5211,68.65,88,23,1.54
73,Ankpa,NG,2022-03-14 02:30:48,7.3706,7.6253,73.99,74,9,2.48
74,Malatya,TR,2022-03-14 02:30:48,38.5,38.0,26.65,64,100,13.8
75,Quatre Cocos,MU,2022-03-14 02:30:48,-20.2078,57.7625,79.09,83,100,11.48
76,Puerto Ayora,EC,2022-03-14 02:30:48,-0.7393,-90.3518,77.56,95,34,2.93
77,Sines,PT,2022-03-14 02:30:49,37.9562,-8.8698,52.29,84,100,5.99
78,Jamestown,US,2022-03-14 02:30:49,42.097,-79.2353,32.02,48,100,10.36
79,Merauke,ID,2022-03-14 02:30:50,-8.4667,140.3333,87.76,67,33,6.33
80,Safaga,EG,2022-03-14 02:30:50,26.7292,33.9365,54.61,64,0,22.59
81,Cape Town,ZA,2022-03-14 02:30:50,-33.9258,18.4232,58.12,66,40,5.75
82,Kieta,PG,2022-03-14 02:30:50,-6.2167,155.6333,85.41,62,86,4.38
83,Port Blair,IN,2022-03-14 02:30:51,11.6667,92.75,84.24,74,40,4.61
84,Gualaquiza,EC,2022-03-14 02:30:51,-3.4,-78.55,63.1,98,94,1.03
85,Aldan,RU,2022-03-14 02:30:51,58.6031,125.3894,8.02,77,100,4.21
86,Albemarle,US,2022-03-14 02:29:54,35.3501,-80.2001,45.16,46,0,5.75
87,Qaanaaq,GL,2022-03-14 02:30:52,77.484,-69.3632,-7.8,99,100,1.23
88,Punta Arenas,CL,2022-03-14 02:27:50,-53.15,-70.9167,41.11,81,75,21.85
89,Sakaiminato,JP,2022-03-14 02:30:52,35.55,133.2333,53.58,100,75,10.36
90,Mengcheng,CN,2022-03-14 02:30:53,33.2579,116.5655,70.56,47,70,15.55
91,Abnub,EG,2022-03-14 02:30:53,27.2696,31.1511,46.62,52,0,14.16
92,Pangkalanbuun,ID,2022-03-14 02:30:53,-2.6833,111.6167,88.38,59,99,2.71
93,Labuan,MY,2022-03-14 02:30:54,5.2767,115.2417,86.36,79,20,2.3
94,Salgueiro,BR,2022-03-14 02:30:12,-8.0742,-39.1192,76.1,65,95,6.13
95,Hoquiam,US,2022-03-14 02:30:54,46.9809,-123.8893,48.18,91,100,19.57
96,Molepolole,BW,2022-03-14 02:30:54,-24.4066,25.4951,64.54,47,51,9.66
97,Karlskrona,SE,2022-03-14 02:30:54,56.1616,15.5866,28.85,86,6,8.03
98,Coahuayana,MX,2022-03-14 02:30:55,18.7333,-103.6833,68.97,89,0,2.62
99,Ennis,IE,2022-03-14 02:30:55,52.8436,-8.9864,42.73,87,20,8.05
100,Oyskhara,RU,2022-03-14 02:30:55,43.2633,46.2494,28.74,83,22,2.77
101,Cidreira,BR,2022-03-14 02:30:56,-30.1811,-50.2056,70.11,86,100,10.58
102,Tabuk,PH,2022-03-14 02:30:56,17.4189,121.4443,84.83,65,26,5.19
103,Wattegama,LK,2022-03-14 02:30:56,6.7989,81.4808,81.93,64,74,8.63
104,Clyde River,CA,2022-03-14 02:30:56,70.4692,-68.5914,-9.17,77,100,26.46
105,Brae,GB,2022-03-14 02:30:57,60.3964,-1.353,45.59,90,100,24.9
106,Arraial Do Cabo,BR,2022-03-14 02:30:57,-22.9661,-42.0278,76.96,90,8,15.75
107,Yola,NG,2022-03-14 02:30:57,9.2,12.4833,77.07,21,75,2.44
108,Korla,CN,2022-03-14 02:30:58,41.7597,86.1469,55.8,30,98,10.31
109,Puerto Escondido,MX,2022-03-14 02:30:58,15.85,-97.0667,79.63,73,20,0.0
110,Vanimo,PG,2022-03-14 02:30:58,-2.6741,141.3028,86.74,65,69,8.01
111,Dunedin,NZ,2022-03-14 02:28:39,-45.8742,170.5036,65.8,61,45,5.01
112,Albany,US,2022-03-14 02:30:27,42.6001,-73.9662,27.01,61,45,6.67
113,Iqaluit,CA,2022-03-14 02:30:59,63.7506,-68.5145,-25.87,75,20,10.36
114,Asau,RO,2022-03-14 02:30:59,46.4333,26.4,21.88,95,63,3.29
115,Barrow,US,2022-03-14 02:30:59,71.2906,-156.7887,1.42,78,100,13.8
116,Sangin,AF,2022-03-14 02:31:00,32.0728,64.8359,71.51,37,57,5.21
117,Leningradskiy,RU,2022-03-14 02:29:16,69.3833,178.4167,-2.02,93,85,9.04
118,Guerrero Negro,MX,2022-03-14 02:31:00,27.9769,-114.0611,59.52,79,2,15.84
119,Yellowknife,CA,2022-03-14 02:27:32,62.456,-114.3525,-6.45,72,20,9.22
120,Invermere,CA,2022-03-14 02:31:00,50.5167,-116.0354,31.73,95,74,2.82
121,Nouadhibou,MR,2022-03-14 02:31:01,20.931,-17.0347,62.58,82,34,24.16
122,Port Elizabeth,ZA,2022-03-14 02:29:49,-33.918,25.5701,61.11,88,20,20.71
123,Georgetown,MY,2022-03-14 02:28:08,5.4112,100.3354,87.73,85,20,3.44
124,Orocue,CO,2022-03-14 02:31:01,4.7912,-71.3354,82.38,62,96,3.85
125,Sorland,NO,2022-03-14 02:31:02,67.667,12.6934,40.32,77,100,13.91
126,Sabya,SA,2022-03-14 02:31:02,17.1495,42.6254,78.42,75,2,5.23
127,Airai,TL,2022-03-14 02:31:02,-8.9266,125.4092,75.97,57,55,1.41
128,Nikolskoye,RU,2022-03-14 02:31:03,59.7035,30.7861,32.88,98,100,3.4
129,Kapustin Yar,RU,2022-03-14 02:31:03,48.5831,45.7372,12.72,94,7,7.23
130,Berkak,NO,2022-03-14 02:31:03,62.825,10.0118,23.22,72,92,10.02
131,Heihe,CN,2022-03-14 02:31:03,50.2441,127.4902,21.78,89,100,4.18
132,Port Shepstone,ZA,2022-03-14 02:31:04,-30.7414,30.455,70.63,84,99,16.37
133,San Pedro,PH,2022-03-14 02:31:04,14.35,121.0167,89.31,65,40,4.61
134,Naro Moru,KE,2022-03-14 02:31:04,-0.1676,37.0213,52.93,67,80,1.99
135,Kavieng,PG,2022-03-14 02:31:05,-2.5744,150.7967,85.87,64,9,13.2
136,Koungheul,SN,2022-03-14 02:31:05,13.9833,-14.8,73.71,27,3,7.0
137,Esperance,AU,2022-03-14 02:31:05,-33.8667,121.9,75.04,61,13,15.57
138,Pisco,PE,2022-03-14 02:31:06,-13.7,-76.2167,69.85,78,0,4.61
139,Mombetsu,JP,2022-03-14 02:31:06,44.3525,143.3525,32.02,86,75,6.91
140,Bandarbeyla,SO,2022-03-14 02:31:06,9.4942,50.8122,77.5,71,93,14.67
141,San Andres,CO,2022-03-14 02:31:07,12.5847,-81.7006,82.42,69,20,12.66
142,Kutum,SD,2022-03-14 02:31:07,14.2,24.6667,61.32,20,2,6.31
143,Parfenyevo,RU,2022-03-14 02:31:07,58.484,43.4088,13.57,97,79,7.09
144,Itarema,BR,2022-03-14 02:31:08,-2.9248,-39.9167,77.34,84,98,5.64
145,Lovozero,RU,2022-03-14 02:31:08,68.005,35.0117,25.65,90,100,4.16
146,Ola,RU,2022-03-14 02:31:08,59.5833,151.2833,21.15,62,100,3.18
147,Barroquinha,BR,2022-03-14 02:31:08,-3.0189,-41.1361,73.71,96,100,4.05
148,Jiangyou,CN,2022-03-14 02:31:09,31.7667,104.7167,80.87,32,2,3.53
149,Hermanus,ZA,2022-03-14 02:28:44,-34.4187,19.2345,51.8,67,67,11.34
150,Saint-Philippe,RE,2022-03-14 02:31:09,-21.3585,55.7679,74.79,86,100,11.7
151,Buala,SB,2022-03-14 02:31:10,-8.145,159.5921,85.1,69,86,3.31
152,Mildura,AU,2022-03-14 02:29:38,-34.2,142.15,71.56,68,100,14.97
153,Tuktoyaktuk,CA,2022-03-14 02:31:10,69.4541,-133.0374,-7.6,77,75,13.8
154,Saint George,US,2022-03-14 02:27:56,37.1041,-113.5841,63.63,16,0,4.61
155,Pacific Grove,US,2022-03-14 02:28:01,36.6177,-121.9166,58.21,81,0,5.75
156,Vardo,NO,2022-03-14 02:31:10,70.3705,31.1107,32.94,89,94,7.72
157,Longyearbyen,SJ,2022-03-14 02:31:11,78.2186,15.6401,35.44,75,75,16.11
158,Laguna De Duero,ES,2022-03-14 02:31:11,41.5815,-4.7233,42.4,82,0,6.91
159,Linares,CL,2022-03-14 02:31:12,-35.85,-71.6,65.64,35,0,2.89
160,Ouallam,NE,2022-03-14 02:31:12,14.3188,2.0866,78.01,18,35,11.14
161,Dikson,RU,2022-03-14 02:27:24,73.5069,80.5464,-5.13,98,100,16.2
162,Cabo San Lucas,MX,2022-03-14 02:30:20,22.8909,-109.9124,71.91,56,40,4.61
163,Thompson,CA,2022-03-14 02:26:33,55.7435,-97.8558,3.36,60,40,13.8
164,Svetlyy,RU,2022-03-14 02:31:13,54.675,20.1347,24.85,80,1,7.25
165,Riviere-Au-Renard,CA,2022-03-14 02:31:13,48.9957,-64.3971,10.69,75,16,18.61
166,Bathsheba,BB,2022-03-14 02:31:13,13.2167,-59.5167,77.61,73,40,19.57
167,Sao Jose Da Coroa Grande,BR,2022-03-14 02:31:13,-8.8978,-35.1478,79.12,82,100,5.82
168,Rabo De Peixe,PT,2022-03-14 02:31:14,37.8,-25.5833,54.28,86,75,6.91
169,Saint-Joseph,RE,2022-03-14 02:31:14,-21.3667,55.6167,73.78,84,100,11.79
170,Sarandi,BR,2022-03-14 02:31:14,-23.4436,-51.8739,69.35,100,100,5.75
171,Biltine,TD,2022-03-14 02:31:15,14.5333,20.9167,74.19,14,16,14.45
172,Xining,CN,2022-03-14 02:31:15,36.6167,101.7667,45.5,36,2,3.09
173,Aykhal,RU,2022-03-14 02:31:15,66.0,111.5,-9.29,90,43,3.4
174,Ponta Delgada,PT,2022-03-14 02:31:16,37.7333,-25.6667,55.51,62,75,6.91
175,Vangaindrano,MG,2022-03-14 02:31:16,-23.35,47.6,74.46,86,89,3.13
176,Saint Andrews,US,2022-03-14 02:31:16,34.0454,-81.1293,44.33,56,0,1.01
177,Lucapa,AO,2022-03-14 02:31:17,-8.4192,20.7447,61.3,97,98,1.43
178,Agadir,MA,2022-03-14 02:27:39,30.4202,-9.5982,59.45,91,95,6.2
179,Adrar,MR,2022-03-14 02:31:17,20.5022,-10.0711,65.23,24,0,9.75
180,Jumla,NP,2022-03-14 02:31:17,29.2747,82.1838,60.31,18,9,1.25
181,Sumbuya,SL,2022-03-14 02:31:18,7.6467,-11.9611,75.4,96,83,2.28
182,Gat,IL,2022-03-14 02:31:18,31.61,34.7642,48.07,100,80,7.87
183,Taoudenni,ML,2022-03-14 02:31:18,22.6783,-3.9836,71.49,11,0,3.98
184,Ust-Maya,RU,2022-03-14 02:31:19,60.4167,134.5333,8.87,86,100,1.12
185,Pevek,RU,2022-03-14 02:31:19,69.7008,170.3133,-9.6,95,96,3.62
186,Muros,ES,2022-03-14 02:31:19,42.7762,-9.0603,45.84,94,100,6.71
187,Kropotkin,RU,2022-03-14 02:31:19,45.4375,40.5756,27.46,62,17,4.9
188,Agadez,NE,2022-03-14 02:31:20,19.75,10.25,58.68,15,0,8.9
189,Marawi,PH,2022-03-14 02:31:20,7.9986,124.2928,80.78,69,22,3.76
190,La Ronge,CA,2022-03-14 02:31:20,55.1001,-105.2842,5.25,61,75,11.5
191,Richards Bay,ZA,2022-03-14 02:31:21,-28.783,32.0377,71.02,93,5,5.28
192,Namatanai,PG,2022-03-14 02:31:21,-3.6667,152.4333,85.68,59,62,8.52
193,Aktash,RU,2022-03-14 02:31:21,50.3,87.7333,19.04,82,100,2.71
194,Uwajima,JP,2022-03-14 02:31:22,33.2238,132.56,68.81,67,62,3.24
195,Betare Oya,CM,2022-03-14 02:31:22,5.6,14.0833,70.07,65,17,1.9
196,Tuatapere,NZ,2022-03-14 02:31:22,-46.1333,167.6833,63.55,68,81,9.1
197,Slave Lake,CA,2022-03-14 02:31:22,55.2834,-114.769,8.58,78,100,9.22
198,Marystown,CA,2022-03-14 02:31:23,47.1666,-55.1483,21.85,100,95,21.99
199,Miramar,US,2022-03-14 02:28:00,25.9873,-80.2323,70.03,62,75,11.5
200,Viedma,AR,2022-03-14 02:31:23,-40.8135,-62.9967,70.68,38,68,9.55
201,Fuyu,CN,2022-03-14 02:31:23,45.1833,124.8167,30.79,71,100,11.54
202,Moroni,KM,2022-03-14 02:31:24,-11.7022,43.2551,78.49,79,100,1.25
203,Komatipoort,ZA,2022-03-14 02:31:24,-25.4332,31.9548,71.33,84,51,2.51
204,Matagami,CA,2022-03-14 02:31:24,49.7502,-77.6328,14.11,92,100,2.3
205,Ithaca,US,2022-03-14 02:26:42,42.4406,-76.4966,30.02,78,100,6.91
206,Ponta Do Sol,PT,2022-03-14 02:31:24,32.6667,-17.1,54.05,73,78,26.8
207,Junagarh,IN,2022-03-14 02:31:25,19.8667,82.9333,82.72,15,60,0.72
208,Popova,RU,2022-03-14 02:31:25,42.9603,131.7228,32.29,83,100,6.78
209,Chadiza,ZM,2022-03-14 02:31:25,-14.0678,32.4392,61.43,97,96,1.52
210,Trinidad,BO,2022-03-14 02:31:26,-14.8333,-64.9,70.21,92,11,3.96
211,Moranbah,AU,2022-03-14 02:31:26,-22.0016,148.0466,86.72,36,98,17.27
212,Provideniya,RU,2022-03-14 02:31:26,64.3833,-173.3,21.36,53,0,8.99
213,Pangnirtung,CA,2022-03-14 02:31:27,66.1451,-65.7125,-27.54,89,18,5.55
214,Crewe,GB,2022-03-14 02:31:27,53.0979,-2.4416,43.38,89,3,3.0
215,Gravdal,NO,2022-03-14 02:31:27,68.1214,13.5031,39.69,71,100,8.52
216,Antofagasta,CL,2022-03-14 02:27:38,-23.65,-70.4,63.68,81,55,5.48
217,Ahipara,NZ,2022-03-14 02:31:28,-35.1667,173.1667,72.86,61,11,4.7
218,Charqueada,BR,2022-03-14 02:31:28,-22.5097,-47.7781,68.31,95,96,2.1
219,Petropavlovsk-Kamchatskiy,RU,2022-03-14 02:31:28,53.0452,158.6483,32.59,60,20,6.71
220,Papayal,PE,2022-03-14 02:31:29,-4.0761,-80.7361,74.7,86,99,3.74
221,Maumere,ID,2022-03-14 02:31:29,-8.6199,122.2111,85.62,69,34,2.75
222,Tirumala,IN,2022-03-14 02:31:29,13.6833,79.35,62.78,36,73,1.68
223,Ust-Nera,RU,2022-03-14 02:31:30,64.5667,143.2,7.52,90,100,2.75
224,Kloulklubed,PW,2022-03-14 02:31:30,7.0419,134.2556,81.1,77,41,14.41
225,Maiduguri,NG,2022-03-14 02:31:30,11.8464,13.1603,72.19,28,27,7.61
226,La Gomera,GT,2022-03-14 02:31:30,14.0833,-91.05,77.67,73,12,3.56
227,Asfi,MA,2022-03-14 02:31:31,32.2994,-9.2372,58.91,74,100,17.2
228,Namibe,AO,2022-03-14 02:31:31,-15.1961,12.1522,70.36,80,100,9.42
229,Alamo,MX,2022-03-14 02:31:31,20.9167,-97.6833,61.34,71,89,3.15
230,Saint-Gilles,FR,2022-03-14 02:31:31,43.6766,4.4302,46.54,93,100,5.75
231,Qobustan,AZ,2022-03-14 02:31:32,40.0824,49.412,37.36,76,100,22.15
232,Grand Gaube,MU,2022-03-14 02:31:32,-20.0064,57.6608,79.38,83,100,5.99
233,High Level,CA,2022-03-14 02:31:32,58.5169,-117.136,-2.09,60,20,0.0
234,Labuhan,ID,2022-03-14 02:31:33,-6.8844,112.2051,84.33,74,96,3.6
235,Dawlatabad,AF,2022-03-14 02:31:33,36.4141,64.9053,58.96,81,95,4.03
236,Milkovo,RU,2022-03-14 02:31:33,54.7167,158.6167,24.91,79,100,3.98
237,Yulara,AU,2022-03-14 02:31:34,-25.2406,130.9889,94.84,13,55,5.75
238,Tasiilaq,GL,2022-03-14 02:31:34,65.6145,-37.6368,29.44,95,100,25.77
239,Madimba,TZ,2022-03-14 02:31:34,-10.4,40.3333,75.56,87,85,2.42
240,San Quintin,MX,2022-03-14 02:31:34,30.4833,-115.95,57.51,83,0,15.86
241,Javanrud,IR,2022-03-14 02:31:35,34.7961,46.5172,35.71,51,1,1.03
242,Nador,MA,2022-03-14 02:31:35,35.174,-2.9287,59.25,82,0,5.75
243,Salinopolis,BR,2022-03-14 02:31:35,-0.6136,-47.3561,77.16,89,100,3.18
244,Sarmellek,HU,2022-03-14 02:31:36,46.7122,17.1687,31.93,40,0,4.61
245,Kudahuvadhoo,MV,2022-03-14 02:31:36,2.6708,72.8944,82.62,66,97,2.28
246,Cherskiy,RU,2022-03-14 02:31:36,68.75,161.3,-5.13,92,100,4.25
247,Novikovo,RU,2022-03-14 02:31:37,51.1537,37.8879,13.95,95,89,7.96
248,Saldanha,ZA,2022-03-14 02:28:39,-33.0117,17.9442,51.85,63,92,16.13
249,Souillac,MU,2022-03-14 02:31:37,-20.5167,57.5167,77.38,88,75,5.75
250,Thakurdwara,IN,2022-03-14 02:31:38,29.2,78.85,74.8,32,0,1.83
251,Kasongo-Lunda,CD,2022-03-14 02:31:38,-6.4667,16.8167,70.14,85,100,0.63
252,Severo-Kurilsk,RU,2022-03-14 02:31:38,50.6789,156.125,30.38,85,99,7.54
253,Jawhar,SO,2022-03-14 02:31:28,2.7809,45.5005,74.59,84,47,11.05
254,Jaciara,BR,2022-03-14 02:31:39,-15.9653,-54.9683,71.47,96,96,1.79
255,Olafsvik,IS,2022-03-14 02:31:39,64.8945,-23.7142,38.17,77,100,26.91
256,Ascension,US,2022-03-14 02:31:39,30.2169,-90.9001,51.8,70,0,0.0
257,Dahra,DZ,2022-03-14 02:31:40,36.2546,0.8519,51.19,81,100,11.9
258,Mikuni,JP,2022-03-14 02:31:40,36.2171,136.1519,57.11,89,100,4.74
259,Cabedelo,BR,2022-03-14 02:31:40,-6.9811,-34.8339,79.47,78,91,9.19
260,Muscat,OM,2022-03-14 02:31:41,23.6139,58.5922,77.02,59,10,1.74
261,Eureka,US,2022-03-14 02:31:41,40.8021,-124.1637,52.75,75,100,3.04
262,Verkhnevilyuysk,RU,2022-03-14 02:31:41,63.4453,120.3167,0.54,88,100,4.27
263,Kahului,US,2022-03-14 02:29:44,20.8947,-156.47,84.22,48,40,17.27
264,Onda,ES,2022-03-14 02:31:42,39.9667,-0.25,55.9,69,100,11.39
265,Batagay-Alyta,RU,2022-03-14 02:31:42,67.8006,130.4114,-7.29,89,92,1.81
266,Bereznik,RU,2022-03-14 02:31:42,62.8551,42.7072,13.03,96,86,6.38
267,Lai,TD,2022-03-14 02:31:42,9.3952,16.2989,81.57,16,29,8.86
268,Lamu,KE,2022-03-14 02:31:43,-2.2717,40.902,79.02,86,93,5.75
269,Maragogi,BR,2022-03-14 02:31:43,-9.0122,-35.2225,78.67,83,100,5.41
270,Slobidka,UA,2022-03-14 02:31:43,47.8869,29.3461,26.04,93,11,3.02
271,Faya,SA,2022-03-14 02:31:44,18.3851,42.4509,55.51,85,8,1.5
272,Yar-Sale,RU,2022-03-14 02:31:44,66.8333,70.8333,-2.47,100,100,7.11
273,Fare,PF,2022-03-14 02:31:44,-16.7,-151.0167,81.99,72,13,10.29
274,Shellbrook,CA,2022-03-14 02:31:45,53.2168,-106.4011,16.83,93,100,5.97
275,Saskylakh,RU,2022-03-14 02:31:45,71.9167,114.0833,-9.29,96,93,3.24
276,Bure,ET,2022-03-14 02:31:45,10.7,37.0667,60.42,66,100,3.09
277,Ardesen,TR,2022-03-14 02:31:45,41.1911,40.9875,34.27,94,100,4.74
278,Naklo Nad Notecia,PL,2022-03-14 02:31:46,53.1421,17.6018,33.44,85,0,9.26
279,Touros,BR,2022-03-14 02:31:46,-5.1989,-35.4608,79.81,81,94,7.11
280,Jibuti,DJ,2022-03-14 02:31:46,11.5,42.5,69.03,83,64,7.83
281,Mpika,ZM,2022-03-14 02:31:47,-11.8343,31.4529,61.18,98,100,3.06
282,Boguchany,RU,2022-03-14 02:31:47,58.3814,97.4531,-2.67,92,95,4.03
283,Binga,ZW,2022-03-14 02:31:47,-17.6203,27.3414,70.5,77,57,3.29
284,Tazovskiy,RU,2022-03-14 02:31:48,67.4667,78.7,-10.95,100,100,6.69
285,Torbay,CA,2022-03-14 02:31:48,47.6666,-52.7314,24.58,57,40,36.82
286,Deputatskiy,RU,2022-03-14 02:31:48,69.3,139.9,-8.41,96,100,2.08
287,Abu Zabad,SD,2022-03-14 02:31:49,12.35,29.25,68.05,16,4,12.95
288,Gazojak,TM,2022-03-14 02:31:49,41.1875,61.4036,46.98,42,100,13.42
289,Ilulissat,GL,2022-03-14 02:31:49,69.2167,-51.1,5.02,78,20,0.0
290,Lebedinyy,RU,2022-03-14 02:31:49,58.5167,125.5167,6.17,73,100,4.81
291,Burlington,US,2022-03-14 02:28:11,39.8835,-74.6413,36.7,58,100,1.99
292,Lithgow,AU,2022-03-14 02:29:17,-33.4833,150.15,66.47,50,3,5.37
293,Muli,MV,2022-03-14 02:31:50,2.9167,73.5667,83.12,64,98,3.89
294,Barcelos,PT,2022-03-14 02:28:05,41.5388,-8.6151,48.69,90,77,5.91
295,Kazachinskoye,RU,2022-03-14 02:31:50,57.6953,93.2761,0.5,89,70,4.09
296,Chateau-Gontier,FR,2022-03-14 02:31:50,47.8333,-0.7,41.72,93,99,6.22
297,Maniitsoq,GL,2022-03-14 02:31:51,65.4167,-52.9,4.5,88,100,25.3
298,Ahuimanu,US,2022-03-14 02:31:51,21.4447,-157.8378,83.91,64,40,11.5
299,Northam,GB,2022-03-14 02:31:52,51.0333,-4.2167,41.61,92,56,5.75
300,Anadyr,RU,2022-03-14 02:31:52,64.75,177.4833,-1.7,84,0,11.18
301,Hokitika,NZ,2022-03-14 02:31:52,-42.7167,170.9667,67.03,65,4,8.97
302,Sakakah,SA,2022-03-14 02:31:38,29.9697,40.2064,49.57,37,0,8.79
303,Buin,CL,2022-03-14 02:31:52,-33.7333,-70.75,73.74,63,0,1.92
304,Ampanihy,MG,2022-03-14 02:31:53,-24.7,44.75,72.14,65,57,5.44
305,Norrtalje,SE,2022-03-14 02:31:53,59.758,18.705,28.58,72,9,4.09
306,Rosarito,MX,2022-03-14 02:31:53,32.3333,-117.0333,60.1,77,0,3.02
307,Bagan,RU,2022-03-14 02:31:53,54.1001,77.6646,-1.28,91,27,11.07
308,San Jose Del Golfo,GT,2022-03-14 02:31:54,14.7628,-90.3764,69.33,77,28,1.34
309,Tabou,CI,2022-03-14 02:31:54,4.423,-7.3528,78.44,86,76,4.85
310,Codrington,AU,2022-03-14 02:27:29,-38.2667,141.9667,76.24,57,100,8.52
311,Poum,NC,2022-03-14 02:31:54,-20.2333,164.0167,82.18,77,78,8.57
312,Kandrian,PG,2022-03-14 02:31:55,-6.2167,149.55,87.35,62,58,7.07
313,Zhigansk,RU,2022-03-14 02:31:55,66.7697,123.3711,-11.52,93,72,15.01
314,Guane,CU,2022-03-14 02:31:55,22.2025,-84.0875,69.03,82,15,8.12
315,La Sarre,CA,2022-03-14 02:27:27,48.8002,-79.1996,11.64,98,99,2.21
316,Enkhuizen,NL,2022-03-14 02:31:55,52.7,5.2833,52.0,84,100,5.01
317,Mezen,RU,2022-03-14 02:31:56,65.8522,44.24,4.12,99,76,3.83
318,Berlevag,NO,2022-03-14 02:31:56,70.8578,29.0864,34.68,86,86,13.73
319,Half Moon Bay,US,2022-03-14 02:31:56,37.4636,-122.4286,59.79,61,0,14.97
320,Oranjemund,NA,2022-03-14 02:31:56,-28.55,16.4333,60.08,73,15,17.83
321,Diamantino,BR,2022-03-14 02:31:57,-14.4086,-56.4461,72.61,97,100,3.36
322,Alihe,CN,2022-03-14 02:31:57,50.5667,123.7167,26.15,77,100,4.34
323,Eidsvoll,NO,2022-03-14 02:31:07,60.3305,11.2616,25.56,89,0,4.61
324,Nampula,MZ,2022-03-14 02:31:58,-15.1165,39.2666,71.55,88,100,8.05
325,Yatou,CN,2022-03-14 02:31:58,37.15,122.3833,51.48,65,91,18.9
326,Ndele,CF,2022-03-14 02:31:58,8.4109,20.6473,73.18,26,67,4.81
327,Dharchula,IN,2022-03-14 02:31:58,29.85,80.5333,72.25,17,0,0.92
328,Volzhskiy,RU,2022-03-14 02:31:59,48.7858,44.7797,4.51,93,13,7.07
329,Cuervos,MX,2022-03-14 02:31:59,32.6314,-114.8556,78.67,17,0,8.59
330,Paamiut,GL,2022-03-14 02:31:59,61.994,-49.6678,26.91,93,100,8.79
331,Vostok,RU,2022-03-14 02:31:59,46.4856,135.8833,30.79,79,99,2.24
332,Sobolevo,RU,2022-03-14 02:32:00,54.4299,31.8996,26.8,91,96,8.57
333,Vila Velha,BR,2022-03-14 02:27:06,-20.3297,-40.2925,78.75,90,20,4.61
334,Mahajanga,MG,2022-03-14 02:32:00,-15.7167,46.3167,75.22,88,20,5.75
335,Fairbanks,US,2022-03-14 02:32:01,64.8378,-147.7164,16.09,42,0,3.44
336,Key West,US,2022-03-14 02:27:12,24.5557,-81.7826,71.01,64,0,8.05
337,Saint-Francois,FR,2022-03-14 02:32:01,46.4154,3.9054,34.68,93,0,2.3
338,Birin,NP,2022-03-14 02:32:01,26.8865,88.0718,71.82,26,0,3.09
339,Upernavik,GL,2022-03-14 02:32:02,72.7868,-56.1549,-13.11,99,98,18.5
340,Flinders,AU,2022-03-14 02:32:03,-34.5833,150.8552,76.28,73,47,6.87
341,Gambela,ET,2022-03-14 02:32:03,8.25,34.5833,83.44,45,100,2.06
342,Bogande,BF,2022-03-14 02:32:04,12.9714,-0.1436,80.91,19,47,8.9
343,Kwinana,AU,2022-03-14 02:32:04,-32.25,115.7667,81.34,64,25,8.66
344,Sechura,PE,2022-03-14 02:32:04,-5.5569,-80.8222,76.8,72,80,8.48
345,Aklavik,CA,2022-03-14 02:32:05,68.2191,-135.0107,-3.06,90,100,6.53
346,Lompoc,US,2022-03-14 02:30:43,34.6391,-120.4579,59.77,84,20,23.0
347,Hamilton,US,2022-03-14 02:31:34,39.1834,-84.5333,45.45,57,0,11.5
348,Ulladulla,AU,2022-03-14 02:32:06,-35.35,150.4667,76.1,78,21,6.31
349,Zabaykalsk,RU,2022-03-14 02:32:06,49.6333,117.3167,25.52,70,94,7.87
350,Jalu,LY,2022-03-14 02:32:06,29.0331,21.5482,50.74,54,3,11.05
351,Gawler,AU,2022-03-14 02:32:06,-34.6,138.7333,97.11,20,37,8.72
352,Vila Franca Do Campo,PT,2022-03-14 02:32:07,37.7167,-25.4333,55.2,64,93,15.12
353,Mehamn,NO,2022-03-14 02:32:07,71.0357,27.8492,32.92,85,97,12.97
354,Fort Frances,CA,2022-03-14 02:32:07,48.5999,-93.4003,7.02,72,0,4.61
355,Brigantine,US,2022-03-14 02:30:01,39.4101,-74.3646,37.02,54,75,5.75
356,Presidencia Roque Saenz Pena,AR,2022-03-14 02:32:08,-26.7852,-60.4388,63.79,58,0,5.28
357,Nhulunbuy,AU,2022-03-14 02:32:08,-12.2333,136.7667,77.61,94,75,9.22
358,Mao,ES,2022-03-14 02:32:08,39.8885,4.2658,55.96,100,100,10.36
359,Kiama,AU,2022-03-14 02:32:09,-34.6833,150.8667,76.48,72,37,6.53
360,Samarinda,ID,2022-03-14 02:30:49,-0.5,117.15,90.91,52,20,0.72
361,Kruisfontein,ZA,2022-03-14 02:32:09,-34.0033,24.7314,58.89,78,100,18.48
362,Lakselv,NO,2022-03-14 02:32:09,70.0513,24.9718,24.62,80,100,9.22
363,Waipawa,NZ,2022-03-14 02:32:09,-41.4122,175.5153,59.31,63,100,7.36
364,San Rafael,AR,2022-03-14 02:32:10,-34.6177,-68.3301,69.13,43,0,5.95
365,Ulaanbaatar,MN,2022-03-14 02:32:10,47.9077,106.8832,33.93,44,40,13.42
366,Tiznit,MA,2022-03-14 02:32:10,29.5833,-9.5,54.46,90,92,7.07
367,Ape,LV,2022-03-14 02:32:10,57.5393,26.6929,21.7,82,80,4.14
368,Along,IN,2022-03-14 02:32:11,28.1667,94.7667,81.54,30,0,0.27
369,Vieux-Habitants,GP,2022-03-14 02:32:11,16.0589,-61.7659,72.97,76,87,12.37
370,Saint-Pierre,RE,2022-03-14 02:32:11,-21.3393,55.4781,75.9,93,20,13.8
371,Komsomolskiy,UZ,2022-03-14 02:32:12,40.4272,71.7189,50.72,93,75,2.3
372,Antalaha,MG,2022-03-14 02:32:12,-14.9003,50.2788,74.01,88,85,5.59
373,Asha,RU,2022-03-14 02:32:12,54.9973,57.2722,10.53,96,100,1.74
374,Beloha,MG,2022-03-14 02:32:13,-25.1667,45.05,70.99,79,76,8.21
375,Bongandanga,CD,2022-03-14 02:32:13,1.5,21.05,70.05,91,68,2.62
376,Bay Saint Louis,US,2022-03-14 02:32:13,30.3088,-89.33,49.01,81,0,0.0
377,Auki,SB,2022-03-14 02:32:13,-8.7676,160.7034,86.13,64,74,3.98
378,Hassleholm,SE,2022-03-14 02:32:14,56.1591,13.7664,37.26,89,1,5.79
379,Yeppoon,AU,2022-03-14 02:32:14,-23.1333,150.7333,83.98,61,100,18.95
380,Hambantota,LK,2022-03-14 02:32:14,6.1241,81.1185,79.14,94,20,4.61
381,Marzuq,YE,2022-03-14 02:32:15,14.4,46.4667,59.81,38,29,5.37
382,Illela,NG,2022-03-14 02:32:15,13.7292,5.2975,73.53,13,32,12.01
383,Peniche,PT,2022-03-14 02:32:15,39.3558,-9.3811,50.29,89,53,12.93
384,Veseloyarsk,RU,2022-03-14 02:32:16,51.2836,81.1056,6.17,94,64,4.47
385,Walvis Bay,NA,2022-03-14 02:32:16,-22.9575,14.5053,61.09,94,37,1.14
386,Narsaq,GL,2022-03-14 02:32:16,60.9167,-46.05,28.62,68,100,13.94
387,Vilcun,CL,2022-03-14 02:32:16,-38.65,-72.2333,50.74,53,49,1.66
388,Tateyama,JP,2022-03-14 02:32:17,34.9833,139.8667,65.1,74,4,23.51
389,Zinder,NE,2022-03-14 02:32:17,13.8072,8.9881,68.0,13,92,10.83
390,Sao Filipe,CV,2022-03-14 02:32:17,14.8961,-24.4956,70.68,74,0,17.72
391,Green River,US,2022-03-14 02:32:18,41.5286,-109.4662,35.98,72,100,7.0
392,Karratha,AU,2022-03-14 02:32:18,-20.7377,116.8463,95.7,41,0,8.25
393,Mayumba,GA,2022-03-14 02:32:18,-3.432,10.6554,78.37,86,77,6.26
394,Samarai,PG,2022-03-14 02:32:19,-10.6167,150.6667,85.69,69,69,15.95
395,Fort Nelson,CA,2022-03-14 02:32:19,58.8053,-122.7002,-0.81,71,75,2.3
396,Syamzha,RU,2022-03-14 02:32:20,60.0158,41.0614,11.7,98,93,5.44
397,Vao,NC,2022-03-14 02:32:20,-22.6667,167.4833,79.45,79,53,14.18
398,Port Keats,AU,2022-03-14 02:32:20,-14.25,129.55,91.11,54,99,4.68
399,Brownsville,US,2022-03-14 02:32:20,25.9018,-97.4975,66.15,72,100,6.91
400,Viramgam,IN,2022-03-14 02:32:21,23.1225,72.0484,82.0,33,1,7.14
401,Marsh Harbour,BS,2022-03-14 02:32:21,26.5412,-77.0636,68.58,60,8,18.54
402,Siparia,TT,2022-03-14 02:32:21,10.1333,-61.5,75.78,90,64,7.29
403,Tual,ID,2022-03-14 02:32:22,-5.6667,132.75,83.12,75,100,11.14
404,Placido De Castro,BR,2022-03-14 02:32:22,-10.3353,-67.1856,70.65,99,98,2.39
405,Kasama,ZM,2022-03-14 02:32:22,-10.2129,31.1808,59.04,91,99,2.68
406,Sao Domingos,BR,2022-03-14 02:32:23,-13.3983,-46.3183,72.45,77,67,2.39
407,Salta,AR,2022-03-14 02:30:31,-24.7859,-65.4117,61.57,86,75,2.3
408,Purpe,RU,2022-03-14 02:32:23,64.4803,76.6897,-1.88,91,91,8.75
409,Muborak,UZ,2022-03-14 02:32:14,39.2553,65.1528,55.51,80,7,6.06
410,Saint-Georges,GD,2022-03-14 02:32:23,12.0564,-61.7485,78.48,73,40,11.5
411,Lar,IN,2022-03-14 02:32:24,26.2039,83.9717,78.98,30,0,5.26
412,Newberg,US,2022-03-14 02:32:24,45.3001,-122.9732,50.02,83,100,10.36
413,San Joaquin,US,2022-03-14 02:29:48,37.9333,-121.3011,62.85,39,0,10.36
414,Akyab,MM,2022-03-14 02:32:24,20.15,92.9,80.87,47,10,5.01
415,Luangwa,ZM,2022-03-14 02:32:24,-15.6167,30.4167,68.52,98,27,1.57
416,Kenai,US,2022-03-14 02:32:25,60.5544,-151.2583,32.02,58,100,19.57
417,Ust-Koksa,RU,2022-03-14 02:32:25,50.2696,85.6108,29.93,85,100,5.86
418,Kurush,RU,2022-03-14 02:32:25,41.2841,47.8345,5.81,68,80,4.23
419,Cururupu,BR,2022-03-14 02:32:26,-1.8283,-44.8683,74.89,96,100,2.06
420,Havre-Saint-Pierre,CA,2022-03-14 02:32:26,50.2334,-63.5986,17.6,56,0,10.36
421,Kesova Gora,RU,2022-03-14 02:32:26,57.5836,37.2922,28.6,97,98,6.71
422,Vila,PT,2022-03-14 02:32:26,42.0304,-8.1588,36.48,95,97,4.21
423,Egvekinot,RU,2022-03-14 02:32:27,66.3167,-179.1667,9.3,71,0,5.32
424,Nicoya,CR,2022-03-14 02:32:27,10.1483,-85.452,77.74,69,44,10.49
425,Kargala,RU,2022-03-14 02:32:27,56.6208,83.9607,-0.35,92,10,7.4
426,Trincomalee,LK,2022-03-14 02:32:28,8.5711,81.2335,81.46,68,100,10.65
427,Kamaishi,JP,2022-03-14 02:32:28,39.2667,141.8833,42.98,90,100,14.18
428,Kalmunai,LK,2022-03-14 02:32:28,7.4167,81.8167,81.16,76,64,9.71
429,Tutoia,BR,2022-03-14 02:32:28,-2.7619,-42.2744,78.6,86,100,7.76
430,Kirakira,SB,2022-03-14 02:32:29,-10.4544,161.9205,85.62,68,26,5.68
431,Dhidhdhoo,MV,2022-03-14 02:32:29,6.8833,73.1,82.06,72,41,6.35
432,Kaabong,UG,2022-03-14 02:32:29,3.4836,34.1492,70.48,45,98,1.16
433,Atbasar,KZ,2022-03-14 02:32:30,51.8,68.3333,4.06,98,100,3.13
434,Mogadishu,SO,2022-03-14 02:28:51,2.0371,45.3438,80.47,78,20,11.5
435,Fortuna,US,2022-03-14 02:32:30,40.5982,-124.1573,51.93,72,20,8.05
436,Las Palmas,ES,2022-03-14 02:32:30,28.4204,-14.0131,61.59,82,20,9.22
437,Seoul,KR,2022-03-14 02:32:31,37.5683,126.9778,56.77,77,100,10.36
438,Emerald,AU,2022-03-14 02:29:01,-23.5333,148.1667,86.14,35,56,11.5
439,Ankazoabo,MG,2022-03-14 02:32:31,-22.2833,44.5167,68.59,87,76,4.36
440,Bambous Virieux,MU,2022-03-14 02:32:31,-20.3428,57.7575,79.21,88,75,5.75
441,Olyka,UA,2022-03-14 02:32:32,50.7186,25.8125,31.93,76,0,3.85
442,Rudnyy,KZ,2022-03-14 02:32:32,52.9594,63.1206,-3.77,100,99,3.76
443,Roma,US,2022-03-14 02:30:19,43.2128,-75.4557,27.37,71,100,4.61
444,Alofi,NU,2022-03-14 02:32:32,-19.0595,-169.9187,82.29,74,12,4.61
445,Kikwit,CD,2022-03-14 02:32:33,-5.041,18.8162,68.23,92,100,1.54
446,Chapais,CA,2022-03-14 02:32:33,49.7834,-74.8492,2.98,98,99,2.91
447,Fonte Boa,BR,2022-03-14 02:32:33,-2.4959,-66.2662,71.55,99,100,1.39
448,Palu,ID,2022-03-14 02:32:34,-0.8917,119.8707,88.86,62,48,2.21
449,Tonj,SS,2022-03-14 02:32:34,7.2737,28.6822,79.72,30,100,3.69
450,Moshi,TZ,2022-03-14 02:32:34,-3.35,37.3333,68.43,73,44,1.83
451,Gobabis,NA,2022-03-14 02:32:34,-22.45,18.9667,62.17,87,100,11.14
452,Keetmanshoop,NA,2022-03-14 02:32:35,-26.5833,18.1333,54.52,87,1,9.22
453,Clearwater,US,2022-03-14 02:30:08,27.9659,-82.8001,61.07,69,0,13.8
454,Tangi,PK,2022-03-14 02:32:35,34.3006,71.6536,66.2,39,36,3.89
455,Altay,CN,2022-03-14 02:32:35,47.8667,88.1167,32.09,92,79,3.0
456,Arman,RU,2022-03-14 02:32:36,59.7,150.1667,21.02,61,100,2.44
457,Latung,PH,2022-03-14 02:32:36,5.5,120.8833,82.71,73,100,4.34
458,Iranshahr,IR,2022-03-14 02:32:36,27.2025,60.6848,68.34,28,0,6.91
459,Vestmanna,FO,2022-03-14 02:32:37,62.1564,-7.1664,43.72,93,75,5.75
460,Raudeberg,NO,2022-03-14 02:32:37,61.9875,5.1352,47.07,65,100,6.73
461,Leh,IN,2022-03-14 02:32:37,34.1667,77.5833,16.57,64,4,2.62
462,Chernyshevskiy,RU,2022-03-14 02:32:37,63.0128,112.4714,-2.49,91,98,2.71
463,Nyurba,RU,2022-03-14 02:32:38,63.2842,118.3319,-0.58,88,100,4.5
464,Nybro,SE,2022-03-14 02:32:38,56.7446,15.9071,36.05,88,10,3.51
465,Tornio,FI,2022-03-14 02:32:38,65.8481,24.1466,8.62,98,100,4.59
466,Golden Gate,US,2022-03-14 02:32:39,26.1879,-81.6951,66.22,69,20,12.66
467,Gasa,PS,2022-03-14 02:32:39,31.5,34.4667,43.88,56,73,11.36
468,Mackay,AU,2022-03-14 02:31:57,-21.15,149.2,85.68,69,75,16.11
469,Sur,OM,2022-03-14 02:32:39,22.5667,59.5289,80.6,36,27,5.48
470,Pontal Do Parana,BR,2022-03-14 02:32:39,-25.6533,-48.5128,69.71,94,100,3.42
471,Gimli,CA,2022-03-14 02:32:40,50.6336,-96.9907,12.22,67,92,5.75
472,Arlit,NE,2022-03-14 02:32:40,18.7369,7.3853,66.07,10,0,8.03
473,Acapulco,MX,2022-03-14 02:32:40,16.8634,-99.8901,76.82,73,20,5.75
474,Macapa,BR,2022-03-14 02:27:54,0.0389,-51.0664,78.78,89,75,2.3
475,Miraflores,MX,2022-03-14 02:32:41,19.2167,-98.8083,69.03,56,17,3.8
476,Ulaangom,MN,2022-03-14 02:32:41,49.9811,92.0667,14.52,91,59,4.74
477,Antipovka,RU,2022-03-14 02:32:41,49.8299,45.3122,5.54,92,24,10.29
478,Sorong,ID,2022-03-14 02:31:07,-0.8833,131.25,84.54,75,79,7.81
479,Turayf,SA,2022-03-14 02:32:42,31.6725,38.6637,35.85,93,0,11.5
480,Tautira,PF,2022-03-14 02:32:42,-17.7333,-149.15,81.18,72,85,7.34
481,Pochutla,MX,2022-03-14 02:32:42,15.7432,-96.4661,73.53,73,1,5.08
482,Sisimiut,GL,2022-03-14 02:32:43,66.9395,-53.6735,-2.25,89,100,9.93
483,Necochea,AR,2022-03-14 02:32:43,-38.5473,-58.7368,57.88,90,0,8.01
484,Avera,US,2022-03-14 02:32:43,33.194,-82.5271,38.91,37,2,5.48
485,Broome,US,2022-03-14 02:32:43,42.2506,-75.833,28.02,75,100,8.01
486,Rocha,UY,2022-03-14 02:32:27,-34.4833,-54.3333,56.14,94,3,4.03
487,Palmares,BR,2022-03-14 02:32:44,-8.6833,-35.5917,75.61,89,90,0.65
488,Harper,LR,2022-03-14 02:32:44,4.375,-7.7169,79.16,84,95,5.17
489,Tecoanapa,MX,2022-03-14 02:32:44,16.5167,-98.75,76.5,75,0,3.2
490,Russell,US,2022-03-14 02:30:27,32.3502,-85.1999,47.43,65,0,0.0
491,Huayucachi,PE,2022-03-14 02:32:45,-12.1333,-75.2333,49.46,90,100,3.91
492,Sibolga,ID,2022-03-14 02:32:45,1.7427,98.7792,84.81,70,78,3.09
493,Umm Lajj,SA,2022-03-14 02:32:45,25.0213,37.2685,64.51,52,0,11.95
494,Santa Maria,BR,2022-03-14 02:27:58,-29.6842,-53.8069,63.7,100,100,3.44
495,Balkanabat,TM,2022-03-14 02:32:45,39.5108,54.3671,48.79,48,100,1.28
496,Kholtoson,RU,2022-03-14 02:32:46,50.2981,103.3097,12.9,82,100,3.76
497,College,US,2022-03-14 02:32:46,64.8569,-147.8028,16.07,38,0,3.44
498,Sept-Iles,CA,2022-03-14 02:32:02,50.2001,-66.3821,10.83,52,20,11.5
499,Lasa,IT,2022-03-14 02:32:46,46.6166,10.7002,31.08,83,63,2.62
500,Snasa,NO,2022-03-14 02:32:47,64.2457,12.3778,21.36,86,100,3.51
501,Baneh,IR,2022-03-14 02:32:47,35.9975,45.8853,32.85,61,100,4.16
502,Gisborne,NZ,2022-03-14 02:32:44,-38.6533,178.0042,64.54,85,100,11.79
503,Tall Kayf,TR,2022-03-14 02:32:47,37.0833,41.0667,38.55,87,100,2.71
504,Bealanana,MG,2022-03-14 02:32:47,-14.55,48.7333,61.92,98,94,2.37
505,Luba,GQ,2022-03-14 02:32:48,3.4568,8.5547,76.89,77,93,3.42
506,Sharjah,AE,2022-03-14 02:28:48,25.3573,55.4033,78.78,42,0,4.61
507,Campoverde,PE,2022-03-14 02:32:48,-8.4753,-74.8058,78.49,99,100,2.24
508,Tupi Paulista,BR,2022-03-14 02:32:48,-21.3811,-51.5706,70.38,96,100,4.38
509,Bud,US,2022-03-14 02:32:49,39.447,-86.1758,46.38,62,0,10.58
510,Coquimbo,CL,2022-03-14 02:32:49,-29.9533,-71.3436,60.53,94,75,6.91
511,Dodge City,US,2022-03-14 02:32:49,37.7528,-100.0171,57.45,17,0,20.71
512,Macaubas,BR,2022-03-14 02:32:49,-13.0194,-42.6986,70.38,67,33,2.24
513,Hami,CN,2022-03-14 02:31:53,42.8,93.45,57.11,28,99,2.13
514,Rio Grande,BR,2022-03-14 02:30:09,-32.035,-52.0986,66.31,75,95,3.91
515,Tulsipur,NP,2022-03-14 02:32:50,28.131,82.2973,71.29,31,0,1.21
516,Carlagan,PH,2022-03-14 02:32:50,14.975,122.0456,80.96,81,97,6.85
517,Ostersund,SE,2022-03-14 02:32:50,63.1792,14.6357,34.25,44,100,9.22
518,Neiafu,TO,2022-03-14 02:32:51,-18.65,-173.9833,84.88,79,20,8.05
519,Ucluelet,CA,2022-03-14 02:32:51,48.9329,-125.5528,46.09,91,100,1.01
520,Angoche,MZ,2022-03-14 02:32:51,-16.2325,39.9086,76.21,92,100,7.49
521,Cananea,MX,2022-03-14 02:32:52,30.95,-110.3,49.28,20,0,6.26
522,Santa Cruz Cabralia,BR,2022-03-14 02:32:52,-16.2781,-39.0247,79.03,89,40,6.91
523,Santa Fe,AR,2022-03-14 02:31:37,-31.6333,-60.7,61.92,90,8,3.67
524,Kholm-Zhirkovskiy,RU,2022-03-14 02:32:52,55.5189,33.4731,29.39,94,100,7.96
525,Verkhoyansk,RU,2022-03-14 02:32:53,67.5447,133.385,-4.61,88,100,2.84
526,Kongoussi,BF,2022-03-14 02:32:53,13.3258,-1.5347,80.35,19,96,7.65
527,Talnakh,RU,2022-03-14 02:32:53,69.4865,88.3972,-5.8,93,100,8.01
528,Cockburn Town,TC,2022-03-14 02:32:54,21.4612,-71.1419,77.7,79,0,17.09
529,Pasco,US,2022-03-14 02:32:54,28.292,-82.4165,59.25,70,0,1.99
530,Lake City,US,2022-03-14 02:32:54,30.1897,-82.6393,47.86,70,0,0.0
531,Mahanoro,MG,2022-03-14 02:32:54,-19.9,48.8,73.71,92,99,7.36
532,High Prairie,CA,2022-03-14 02:32:55,55.4334,-116.4858,7.25,97,100,4.03
533,Margate,GB,2022-03-14 02:32:55,51.3813,1.3862,47.3,92,81,1.01
534,Cacule,BR,2022-03-14 02:32:55,-14.5033,-42.2222,75.16,58,99,4.88
535,Porto Torres,IT,2022-03-14 02:32:55,40.835,8.3972,44.78,85,100,4.9
536,Whitehorse,CA,2022-03-14 02:30:28,60.7161,-135.0538,9.01,70,75,6.91
537,Kyra,RU,2022-03-14 02:32:56,49.5776,111.9753,23.38,79,100,4.83
538,Eyl,SO,2022-03-14 02:32:56,7.9803,49.8164,74.53,80,72,10.42
539,Atar,MR,2022-03-14 02:32:57,20.5169,-13.0499,67.91,24,2,9.15
540,Nuuk,GL,2022-03-14 02:31:03,64.1835,-51.7216,9.21,72,100,17.27
541,Ust-Uda,RU,2022-03-14 02:32:57,54.1742,103.0304,0.77,89,91,3.13
542,Kalamare,BW,2022-03-14 02:32:57,-22.9337,26.5703,66.33,60,70,12.01
543,Crestview,US,2022-03-14 02:30:28,30.7621,-86.5705,48.24,70,0,0.0
544,Murmashi,RU,2022-03-14 02:32:58,68.8154,32.8115,16.21,92,0,2.24
545,Juneau,US,2022-03-14 02:28:18,58.3019,-134.4197,35.6,88,100,4.61
546,Voiron,FR,2022-03-14 02:32:58,45.3639,5.5921,44.58,89,100,4.27
547,Batagay,RU,2022-03-14 02:32:58,67.6333,134.6333,-6.29,91,100,3.22
548,Hobyo,SO,2022-03-14 02:32:58,5.3505,48.5268,78.51,71,53,15.88
549,Inhambane,MZ,2022-03-14 02:32:59,-23.865,35.3833,76.15,89,2,6.42
550,Hualmay,PE,2022-03-14 02:32:59,-11.0964,-77.6139,72.68,78,100,8.32
551,Tougan,BF,2022-03-14 02:32:59,13.0667,-3.0667,80.6,19,67,5.06
552,Mumford,GH,2022-03-14 02:33:00,5.2618,-0.759,78.22,84,100,6.69
553,Nome,US,2022-03-14 02:33:00,64.5011,-165.4064,26.67,28,0,16.11
554,Te Anau,NZ,2022-03-14 02:33:00,-45.4167,167.7167,70.65,44,30,2.17
555,Rongcheng,CN,2022-03-14 02:33:00,30.634,117.8517,81.1,55,77,6.82
556,Ransang,PH,2022-03-14 02:33:01,8.9603,117.5828,85.89,67,93,3.8
557,Takoradi,GH,2022-03-14 02:33:01,4.8845,-1.7554,76.5,85,100,6.4
558,Santa Rosa Del Sur,CO,2022-03-14 02:33:01,7.9644,-74.0544,69.1,91,76,2.8
559,Bilma,NE,2022-03-14 02:33:02,18.6853,12.9164,61.7,15,0,11.39
560,Chapleau,CA,2022-03-14 02:33:02,47.8405,-83.4034,16.9,94,99,7.85
