City_ID,City,Country,Date,Lat,Lng,Max Temp,Humidity,Cloudiness,Wind Speed,Weather Description
0,Reconquista,AR,2022-03-14 03:36:51,-29.15,-59.65,60.04,73,0,4.59,clear sky
1,Atuona,PF,2022-03-14 03:36:51,-9.8,-139.0333,79.03,74,100,14.94,overcast clouds
2,Mahebourg,MU,2022-03-14 03:36:52,-20.4081,57.7,81.25,89,75,8.05,broken clouds
3,East London,ZA,2022-03-14 03:33:54,-33.0153,27.9116,63.54,94,75,17.27,light rain
4,Itarema,BR,2022-03-14 03:36:52,-2.9248,-39.9167,77.27,85,98,5.66,overcast clouds
5,Tulle,FR,2022-03-14 03:36:52,45.3333,1.8333,32.54,97,90,4.03,overcast clouds
6,Conceicao Do Coite,BR,2022-03-14 03:36:52,-11.5639,-39.2828,71.33,88,2,3.33,clear sky
7,Busselton,AU,2022-03-14 03:36:53,-33.65,115.3333,78.85,54,64,6.76,broken clouds
8,Lompoc,US,2022-03-14 03:36:53,34.6391,-120.4579,54.59,79,0,30.0,clear sky
9,Puerto Ayora,EC,2022-03-14 03:36:53,-0.7393,-90.3518,76.55,97,38,1.01,scattered clouds
10,Severo-Yeniseyskiy,RU,2022-03-14 03:36:54,60.3725,93.0408,1.36,84,44,2.17,scattered clouds
11,Kudahuvadhoo,MV,2022-03-14 03:36:54,2.6708,72.8944,82.8,66,97,3.24,overcast clouds
12,Hermanus,ZA,2022-03-14 03:36:54,-34.4187,19.2345,59.67,62,60,10.74,broken clouds
13,Jamestown,US,2022-03-14 03:36:17,42.097,-79.2353,35.71,49,100,11.01,overcast clouds
14,Beringovskiy,RU,2022-03-14 03:36:54,63.05,179.3167,4.87,85,2,6.08,clear sky
15,Ushuaia,AR,2022-03-14 03:34:13,-54.8,-68.3,38.86,81,100,14.97,moderate rain
16,Marsabit,KE,2022-03-14 03:36:55,2.3284,37.9899,64.2,76,80,15.9,broken clouds
17,Kapaa,US,2022-03-14 03:36:55,22.0752,-159.319,80.58,70,20,10.36,few clouds
18,Bethel,US,2022-03-14 03:36:55,41.3712,-73.414,29.64,72,20,5.75,few clouds
19,Banda Aceh,ID,2022-03-14 03:36:56,5.5577,95.3222,84.09,72,90,8.93,overcast clouds
20,Fort Nelson,CA,2022-03-14 03:34:56,58.8053,-122.7002,-0.81,78,75,0.0,light snow
21,Souillac,MU,2022-03-14 03:36:56,-20.5167,57.5167,79.18,89,75,8.05,light rain
22,Severo-Kurilsk,RU,2022-03-14 03:36:56,50.6789,156.125,30.43,81,97,7.38,light snow
23,Albany,US,2022-03-14 03:36:57,42.6001,-73.9662,26.76,66,41,6.02,scattered clouds
24,Cape Town,ZA,2022-03-14 03:36:57,-33.9258,18.4232,59.41,69,40,6.91,scattered clouds
25,Rikitea,PF,2022-03-14 03:36:57,-23.1203,-134.9692,80.49,71,70,14.36,broken clouds
26,Karla,EE,2022-03-14 03:36:57,59.3723,24.9275,30.56,90,0,4.61,clear sky
27,Asau,RO,2022-03-14 03:36:58,46.4333,26.4,27.52,94,56,3.36,broken clouds
28,Hambantota,LK,2022-03-14 03:36:58,6.1241,81.1185,82.74,78,20,4.61,few clouds
29,Kodiak,US,2022-03-14 03:36:06,57.79,-152.4072,38.71,87,100,13.8,overcast clouds
30,Tasiilaq,GL,2022-03-14 03:36:58,65.6145,-37.6368,28.67,96,100,29.59,snow
31,Vaini,TO,2022-03-14 03:36:59,-21.2,-175.2,82.35,70,4,1.77,clear sky
32,Hobart,AU,2022-03-14 03:36:59,-42.8794,147.3294,62.46,88,75,11.5,broken clouds
33,Capaci,IT,2022-03-14 03:36:59,38.1711,13.2393,53.2,82,40,2.3,scattered clouds
34,Pochutla,MX,2022-03-14 03:37:00,15.7432,-96.4661,77.83,72,1,4.36,clear sky
35,Ulladulla,AU,2022-03-14 03:37:00,-35.35,150.4667,73.76,76,24,6.44,few clouds
36,Venice,US,2022-03-14 03:32:21,27.0998,-82.4543,60.98,75,75,10.36,broken clouds
37,Clyde River,CA,2022-03-14 03:37:00,70.4692,-68.5914,-9.17,84,100,31.07,heavy snow
38,Qaanaaq,GL,2022-03-14 03:37:01,77.484,-69.3632,-8.72,100,100,1.83,overcast clouds
39,Kyabe,TD,2022-03-14 03:37:01,9.4515,18.9449,80.65,32,16,5.53,few clouds
40,Aksu,CN,2022-03-14 03:37:01,41.1231,80.2644,56.53,27,100,1.57,overcast clouds
41,Oranjemund,NA,2022-03-14 03:37:02,-28.55,16.4333,59.54,71,11,17.98,few clouds
42,Mar Del Plata,AR,2022-03-14 03:35:15,-38.0023,-57.5575,64.09,91,1,3.0,clear sky
43,New Norfolk,AU,2022-03-14 03:37:02,-42.7826,147.0587,62.1,67,100,1.99,overcast clouds
44,Conde,BR,2022-03-14 03:37:02,-7.2597,-34.9075,76.46,94,40,2.3,scattered clouds
45,Lagoa,PT,2022-03-14 03:37:03,39.05,-27.9833,55.11,62,82,8.12,broken clouds
46,Mataura,NZ,2022-03-14 03:37:03,-46.1927,168.8643,65.48,51,67,7.4,broken clouds
47,Sanson,NZ,2022-03-14 03:37:03,-40.2167,175.4167,71.22,63,100,10.04,overcast clouds
48,Luganville,VU,2022-03-14 03:37:03,-15.5333,167.1667,85.28,73,39,7.81,scattered clouds
49,Timbiqui,CO,2022-03-14 03:37:04,2.7717,-77.6654,75.81,91,98,1.3,overcast clouds
50,Bubaque,GW,2022-03-14 03:37:04,11.2833,-15.8333,74.75,73,72,14.23,broken clouds
51,Ponta Do Sol,PT,2022-03-14 03:37:04,32.6667,-17.1,54.23,74,84,24.58,broken clouds
52,Kang,BW,2022-03-14 03:37:04,-23.6752,22.7876,66.42,86,98,9.06,overcast clouds
53,Metro,ID,2022-03-14 03:37:05,-5.1131,105.3067,87.01,67,80,2.44,broken clouds
54,Ojinaga,MX,2022-03-14 03:37:05,29.5667,-104.4167,67.15,19,0,3.44,clear sky
55,Portland,US,2022-03-14 03:36:03,45.5234,-122.6762,49.84,88,100,5.99,overcast clouds
56,Carnarvon,AU,2022-03-14 03:37:05,-24.8667,113.6333,84.27,48,0,13.8,clear sky
57,Concepcion Del Uruguay,AR,2022-03-14 03:37:06,-32.4825,-58.2372,60.98,88,5,1.7,clear sky
58,Westport,US,2022-03-14 03:37:06,41.1415,-73.3579,31.82,71,75,10.36,broken clouds
59,Spokane,US,2022-03-14 03:35:16,47.6166,-117.3677,43.34,77,20,11.5,few clouds
60,Loa Janan,ID,2022-03-14 03:37:06,-0.583,117.095,93.24,48,25,0.51,scattered clouds
61,Chuy,UY,2022-03-14 03:37:07,-33.6971,-53.4616,58.75,88,0,3.49,clear sky
62,Rehoboth,NA,2022-03-14 03:37:07,-23.3167,17.0833,60.87,83,100,7.47,overcast clouds
63,Port Alfred,ZA,2022-03-14 03:37:07,-33.5906,26.891,65.95,85,100,26.69,light rain
64,Barra Do Garcas,BR,2022-03-14 03:34:56,-15.89,-52.2567,72.86,93,94,1.54,overcast clouds
65,Esperance,AU,2022-03-14 03:37:07,-33.8667,121.9,80.44,60,11,17.31,few clouds
66,La Sarre,CA,2022-03-14 03:37:08,48.8002,-79.1996,3.27,100,90,3.06,overcast clouds
67,Prainha,BR,2022-03-14 03:37:08,-1.8,-53.48,72.91,98,100,1.66,light rain
68,Redlands,US,2022-03-14 03:37:08,34.0556,-117.1825,62.35,61,0,6.91,clear sky
69,Ngunguru,NZ,2022-03-14 03:37:09,-35.6167,174.5,68.63,73,32,8.57,scattered clouds
70,Matara,LK,2022-03-14 03:37:09,5.9485,80.5353,84.51,68,79,2.26,broken clouds
71,Torbay,CA,2022-03-14 03:35:32,47.6666,-52.7314,25.57,59,20,32.21,few clouds
72,Biltine,TD,2022-03-14 03:37:09,14.5333,20.9167,73.27,15,16,13.47,few clouds
73,Khatanga,RU,2022-03-14 03:37:10,71.9667,102.5,-1.46,94,100,11.52,light snow
74,Jasper,US,2022-03-14 03:37:10,37.2001,-94.3502,53.65,35,0,12.66,clear sky
75,Bathsheba,BB,2022-03-14 03:37:10,13.2167,-59.5167,77.61,73,75,23.02,broken clouds
76,Aswan,EG,2022-03-14 03:37:10,24.0934,32.907,51.1,50,0,5.75,clear sky
77,Alofi,NU,2022-03-14 03:37:11,-19.0595,-169.9187,80.49,83,11,5.75,few clouds
78,Bredasdorp,ZA,2022-03-14 03:37:11,-34.5322,20.0403,54.57,72,50,5.14,scattered clouds
79,Hamilton,US,2022-03-14 03:37:11,39.1834,-84.5333,45.23,59,0,10.36,clear sky
80,Kayerkan,RU,2022-03-14 03:37:11,69.3497,87.7602,-4.49,70,100,5.41,overcast clouds
81,Wexford,IE,2022-03-14 03:37:12,52.3342,-6.4575,38.21,85,1,7.72,clear sky
82,Sobolevo,RU,2022-03-14 03:37:12,54.4299,31.8996,24.37,92,89,7.9,overcast clouds
83,Thompson,CA,2022-03-14 03:35:56,55.7435,-97.8558,1.56,60,20,11.5,few clouds
84,Saskylakh,RU,2022-03-14 03:37:12,71.9167,114.0833,-7.58,95,93,3.33,overcast clouds
85,Arrifes,PT,2022-03-14 03:37:13,37.7667,-25.7,54.23,62,75,9.22,broken clouds
86,Lagunas,PE,2022-03-14 03:37:13,-5.2269,-75.6753,72.34,99,100,2.77,overcast clouds
87,Ribeira Grande,PT,2022-03-14 03:37:13,38.5167,-28.7,55.98,63,99,7.36,overcast clouds
88,Port Elizabeth,ZA,2022-03-14 03:37:13,-33.918,25.5701,61.09,88,20,18.41,light rain
89,Tukrah,LY,2022-03-14 03:37:14,32.5341,20.5791,46.99,67,16,8.12,few clouds
90,Naze,JP,2022-03-14 03:37:14,28.3667,129.4833,72.52,77,11,3.94,few clouds
91,Bluff,NZ,2022-03-14 03:37:14,-46.6,168.3333,65.8,73,72,8.39,broken clouds
92,Shellbrook,CA,2022-03-14 03:37:15,53.2168,-106.4011,15.03,91,100,6.11,overcast clouds
93,Ordynskoye,RU,2022-03-14 03:37:15,54.3656,81.8994,3.79,84,6,12.48,clear sky
94,Upernavik,GL,2022-03-14 03:37:15,72.7868,-56.1549,-12.05,99,98,15.5,overcast clouds
95,Georgetown,MY,2022-03-14 03:34:55,5.4112,100.3354,87.73,82,20,3.44,few clouds
96,Okoneshnikovo,RU,2022-03-14 03:37:16,54.8377,75.0834,1.06,91,50,10.0,scattered clouds
97,Pacific Grove,US,2022-03-14 03:37:16,36.6177,-121.9166,57.24,85,0,4.61,clear sky
98,Sai Buri,TH,2022-03-14 03:37:16,6.7013,101.6168,83.91,74,97,10.13,overcast clouds
99,Bahir Dar,ET,2022-03-14 03:37:16,11.5936,37.3908,66.58,57,98,2.95,overcast clouds
100,Yaan,NG,2022-03-14 03:37:17,7.3833,8.5667,81.05,50,32,3.58,scattered clouds
101,Channel-Port Aux Basques,CA,2022-03-14 03:37:17,47.5702,-59.1367,20.98,71,100,35.68,overcast clouds
102,Arraial Do Cabo,BR,2022-03-14 03:34:29,-22.9661,-42.0278,76.71,91,7,15.39,clear sky
103,Dikson,RU,2022-03-14 03:37:17,73.5069,80.5464,-3.23,97,100,15.97,light snow
104,Padang,ID,2022-03-14 03:37:18,-0.9492,100.3543,84.25,83,97,3.67,overcast clouds
105,Hilo,US,2022-03-14 03:36:06,19.7297,-155.09,78.53,73,100,11.5,overcast clouds
106,Nome,US,2022-03-14 03:34:27,64.5011,-165.4064,26.67,28,0,18.41,clear sky
107,Punta Arenas,CL,2022-03-14 03:37:18,-53.15,-70.9167,41.11,81,20,25.32,few clouds
108,Maceio,BR,2022-03-14 03:37:18,-9.6658,-35.7353,76.44,88,40,3.44,scattered clouds
109,Biak,ID,2022-03-14 03:37:19,-0.9131,122.8766,84.13,67,71,1.41,broken clouds
110,Trzebiatow,PL,2022-03-14 03:37:19,54.0615,15.2648,34.05,67,0,11.68,clear sky
111,Port Hedland,AU,2022-03-14 03:37:19,-20.3167,118.5667,100.45,32,0,11.5,clear sky
112,Cidreira,BR,2022-03-14 03:37:20,-30.1811,-50.2056,70.14,86,100,9.64,overcast clouds
113,Huarmey,PE,2022-03-14 03:37:20,-10.0681,-78.1522,73.08,79,99,5.61,overcast clouds
114,Mbandaka,CD,2022-03-14 03:37:20,0.0487,18.2603,72.27,91,100,3.24,overcast clouds
115,Geraldton,AU,2022-03-14 03:37:20,-28.7667,114.6,79.21,53,18,11.5,few clouds
116,Nikolskoye,RU,2022-03-14 03:37:21,59.7035,30.7861,32.88,97,100,3.09,overcast clouds
117,Saint-Augustin,CA,2022-03-14 03:37:21,51.226,-58.6502,7.14,72,100,19.08,overcast clouds
118,Taldan,RU,2022-03-14 03:37:21,53.6667,124.8,20.7,67,100,7.0,overcast clouds
119,Kahului,US,2022-03-14 03:37:10,20.8947,-156.47,82.42,51,40,11.5,scattered clouds
120,Hobyo,SO,2022-03-14 03:37:22,5.3505,48.5268,80.02,66,61,17.45,broken clouds
121,Mayo,US,2022-03-14 03:37:22,38.8876,-76.5119,39.97,66,75,6.91,broken clouds
122,Okhotsk,RU,2022-03-14 03:37:22,59.3833,143.3,22.93,82,100,6.58,overcast clouds
123,Victoria,HK,2022-03-14 03:36:55,22.2855,114.1577,81.25,75,37,5.99,scattered clouds
124,Paka,MY,2022-03-14 03:37:22,4.6374,103.4368,84.13,79,40,6.91,scattered clouds
125,Havre-Saint-Pierre,CA,2022-03-14 03:37:23,50.2334,-63.5986,17.6,61,0,13.8,clear sky
126,Faanui,PF,2022-03-14 03:33:06,-16.4833,-151.75,82.0,73,80,12.33,broken clouds
127,Lockport,US,2022-03-14 03:34:05,41.5895,-88.0578,42.85,84,0,6.91,clear sky
128,Saint-Philippe,RE,2022-03-14 03:37:23,-21.3585,55.7679,74.79,85,100,12.53,light rain
129,Baykit,RU,2022-03-14 03:37:23,61.67,96.37,1.02,88,91,1.54,overcast clouds
130,Castro,BR,2022-03-14 03:37:24,-24.7911,-50.0119,63.19,98,100,2.98,light rain
131,Barrow,US,2022-03-14 03:37:24,71.2906,-156.7887,1.42,78,100,12.66,overcast clouds
132,Gurupi,BR,2022-03-14 03:37:24,-11.7292,-49.0686,73.99,89,87,0.67,overcast clouds
133,Rio Gallegos,AR,2022-03-14 03:37:25,-51.6226,-69.2181,42.85,81,0,29.93,clear sky
134,Strezhevoy,RU,2022-03-14 03:37:25,60.7333,77.5889,4.26,95,100,2.71,overcast clouds
135,North Bend,US,2022-03-14 03:37:25,43.4065,-124.2243,50.86,88,100,6.91,overcast clouds
136,Mbaiki,CF,2022-03-14 03:37:25,3.8678,17.9892,69.66,83,39,2.08,scattered clouds
137,Soe,ID,2022-03-14 03:37:26,-9.8607,124.284,82.04,58,81,4.41,broken clouds
138,Altay,CN,2022-03-14 03:37:26,47.8667,88.1167,33.39,88,80,5.95,broken clouds
139,Tautira,PF,2022-03-14 03:37:26,-17.7333,-149.15,81.05,74,76,8.05,broken clouds
140,Namwala,ZM,2022-03-14 03:37:26,-15.7504,26.4384,62.96,97,90,2.33,overcast clouds
141,Sorland,NO,2022-03-14 03:37:27,67.667,12.6934,40.23,77,100,13.67,overcast clouds
142,Chokurdakh,RU,2022-03-14 03:37:27,70.6333,147.9167,-3.91,86,100,5.48,overcast clouds
143,Yabrud,SY,2022-03-14 03:37:27,33.9674,36.6574,24.78,81,50,0.78,scattered clouds
144,Waipawa,NZ,2022-03-14 03:37:28,-41.4122,175.5153,58.95,64,100,7.34,overcast clouds
145,Pevek,RU,2022-03-14 03:37:28,69.7008,170.3133,-10.32,96,97,3.31,overcast clouds
146,San Patricio,US,2022-03-14 03:37:28,28.017,-97.5169,64.26,76,85,9.44,overcast clouds
147,Teya,RU,2022-03-14 03:37:28,60.3778,92.6267,3.65,83,55,1.23,broken clouds
148,Avarua,CK,2022-03-14 03:34:24,-21.2078,-159.775,84.25,74,20,5.75,few clouds
149,Castrovillari,IT,2022-03-14 03:37:29,39.8203,16.2123,36.0,81,0,2.08,clear sky
150,Nabire,ID,2022-03-14 03:37:29,-3.3667,135.4833,84.94,73,99,4.9,overcast clouds
151,Luanda,AO,2022-03-14 03:37:29,-8.8368,13.2343,77.25,83,100,6.24,overcast clouds
152,Touros,BR,2022-03-14 03:37:29,-5.1989,-35.4608,79.11,83,90,6.55,overcast clouds
153,Farah,AF,2022-03-14 03:37:30,32.5,62.5,70.45,33,100,4.65,overcast clouds
154,Ahipara,NZ,2022-03-14 03:37:30,-35.1667,173.1667,72.64,61,14,4.85,few clouds
155,Nicolas De Pierola,PE,2022-03-14 03:37:30,-11.95,-76.7,60.6,79,100,2.37,overcast clouds
156,Oksfjord,NO,2022-03-14 03:37:31,70.2396,22.3479,21.27,69,98,8.05,overcast clouds
157,La Ronge,CA,2022-03-14 03:37:31,55.1001,-105.2842,3.45,60,40,8.05,scattered clouds
158,Big Spring,US,2022-03-14 03:35:08,32.2504,-101.4787,56.23,27,0,21.85,clear sky
159,Cayenne,GF,2022-03-14 03:37:31,4.9333,-52.3333,74.08,1,75,3.44,heavy intensity rain
160,Kawalu,ID,2022-03-14 03:37:31,-7.3817,108.2082,87.46,58,97,4.27,overcast clouds
161,Tuatapere,NZ,2022-03-14 03:37:32,-46.1333,167.6833,62.55,68,85,9.51,overcast clouds
162,Berlevag,NO,2022-03-14 03:37:32,70.8578,29.0864,35.6,86,84,14.25,broken clouds
163,Fortuna,US,2022-03-14 03:34:05,40.5982,-124.1573,50.67,77,0,0.0,clear sky
164,Shelburne,CA,2022-03-14 03:33:14,44.0787,-80.2041,27.12,87,90,14.14,overcast clouds
165,Alta Floresta,BR,2022-03-14 03:34:26,-9.8756,-56.0861,71.76,96,100,1.57,overcast clouds
166,Kokkarion,GR,2022-03-14 03:37:33,37.7764,26.8939,41.92,52,20,6.91,few clouds
167,Tuktoyaktuk,CA,2022-03-14 03:37:33,69.4541,-133.0374,-7.6,77,75,12.66,broken clouds
168,Ovsyanka,RU,2022-03-14 03:37:33,55.9575,92.5519,1.22,85,100,5.23,overcast clouds
169,Wasilla,US,2022-03-14 03:33:19,61.5814,-149.4394,27.73,50,20,23.02,few clouds
170,Northam,GB,2022-03-14 03:37:34,51.0333,-4.2167,41.61,94,66,5.23,broken clouds
171,Lubao,PH,2022-03-14 03:37:34,14.9167,120.55,91.47,51,39,7.05,scattered clouds
172,Komsomolskiy,UZ,2022-03-14 03:35:42,40.4272,71.7189,50.72,93,75,4.61,mist
173,Katsuura,JP,2022-03-14 03:37:34,35.1333,140.3,67.51,67,9,18.5,clear sky
174,Sambava,MG,2022-03-14 03:37:34,-14.2667,50.1667,75.96,82,94,7.14,overcast clouds
175,Porbandar,IN,2022-03-14 03:37:35,21.6422,69.6093,76.98,53,3,0.0,clear sky
176,Cherskiy,RU,2022-03-14 03:37:35,68.75,161.3,-5.24,93,98,4.88,overcast clouds
177,Cabedelo,BR,2022-03-14 03:37:35,-6.9811,-34.8339,77.67,79,93,8.9,overcast clouds
178,Yellowknife,CA,2022-03-14 03:37:36,62.456,-114.3525,-10.68,70,0,4.61,clear sky
179,Lindon,US,2022-03-14 03:37:36,40.3433,-111.7208,38.39,80,99,8.99,overcast clouds
180,Skibbereen,IE,2022-03-14 03:37:36,51.55,-9.2667,42.12,82,2,9.42,clear sky
181,Iqaluit,CA,2022-03-14 03:35:44,63.7506,-68.5145,-23.31,74,20,15.01,few clouds
182,Provideniya,RU,2022-03-14 03:37:36,64.3833,-173.3,21.36,53,0,11.18,clear sky
183,Laguna,US,2022-03-14 03:37:37,38.421,-121.4238,59.45,51,0,8.05,clear sky
184,Dunedin,NZ,2022-03-14 03:33:22,-45.8742,170.5036,63.7,67,45,4.38,scattered clouds
185,Mogadishu,SO,2022-03-14 03:33:41,2.0371,45.3438,76.87,83,40,9.22,scattered clouds
186,Makakilo City,US,2022-03-14 03:37:37,21.3469,-158.0858,80.92,57,100,17.27,overcast clouds
187,Katobu,ID,2022-03-14 03:37:37,-4.9408,122.5276,84.99,74,63,3.38,broken clouds
188,Guerrero Negro,MX,2022-03-14 03:37:38,27.9769,-114.0611,59.09,80,2,16.04,clear sky
189,Comodoro Rivadavia,AR,2022-03-14 03:37:38,-45.8667,-67.5,64.26,36,0,12.66,clear sky
190,Norman Wells,CA,2022-03-14 03:37:38,65.282,-126.8329,-11.16,58,20,3.44,few clouds
191,Kaeo,NZ,2022-03-14 03:37:39,-35.1,173.7833,71.4,70,30,6.76,scattered clouds
192,Girvan,GB,2022-03-14 03:37:39,55.2426,-4.8555,44.6,91,53,9.69,broken clouds
193,Penzance,GB,2022-03-14 03:37:39,50.1186,-5.5371,38.08,74,99,5.06,overcast clouds
194,Tolaga Bay,NZ,2022-03-14 03:37:39,-38.3667,178.3,64.54,86,100,12.55,overcast clouds
195,Grindavik,IS,2022-03-14 03:37:40,63.8424,-22.4338,37.35,87,75,23.02,broken clouds
196,Popondetta,PG,2022-03-14 03:37:40,-8.7537,148.2534,88.54,62,50,3.29,scattered clouds
197,Svetlaya,RU,2022-03-14 03:37:40,46.5389,138.3297,33.31,84,98,4.88,overcast clouds
198,Isangel,VU,2022-03-14 03:37:40,-19.55,169.2667,86.11,79,58,3.44,broken clouds
199,Pontianak,ID,2022-03-14 03:37:41,-0.0333,109.3333,87.78,62,20,3.44,few clouds
200,Kalanguy,RU,2022-03-14 03:37:41,51.0167,116.5167,19.44,88,100,6.58,light snow
201,Carutapera,BR,2022-03-14 03:37:41,-1.195,-46.02,75.78,94,100,3.15,light rain
202,Cap Malheureux,MU,2022-03-14 03:37:42,-19.9842,57.6142,81.46,80,100,5.01,overcast clouds
203,Inongo,CD,2022-03-14 03:37:42,-1.95,18.2667,72.41,88,95,2.37,overcast clouds
204,Lebu,CL,2022-03-14 03:37:42,-37.6167,-73.65,56.01,87,1,16.06,clear sky
205,Aguimes,ES,2022-03-14 03:37:42,27.9054,-15.4461,59.67,77,20,16.11,few clouds
206,Tual,ID,2022-03-14 03:37:43,-5.6667,132.75,82.35,77,100,15.03,heavy intensity rain
207,Konstantinovka,RU,2022-03-14 03:37:43,49.6167,127.9833,23.34,83,100,5.44,overcast clouds
208,Vanino,RU,2022-03-14 03:37:43,49.0869,140.2543,29.44,82,100,3.74,overcast clouds
209,Benjamin Hill,MX,2022-03-14 03:37:43,30.1667,-111.1,61.72,16,0,6.35,clear sky
210,Ilheus,BR,2022-03-14 03:37:44,-14.7889,-39.0494,75.92,87,99,1.1,overcast clouds
211,The Valley,AI,2022-03-14 03:37:44,18.217,-63.0578,77.09,77,4,24.34,clear sky
212,Sibolga,ID,2022-03-14 03:37:44,1.7427,98.7792,85.51,68,75,4.23,broken clouds
213,Port Hardy,CA,2022-03-14 03:37:45,50.6996,-127.4199,46.58,81,100,8.05,light intensity shower rain
214,Beaverlodge,CA,2022-03-14 03:37:45,55.2166,-119.4361,6.15,93,100,8.79,overcast clouds
215,Yulara,AU,2022-03-14 03:37:45,-25.2406,130.9889,96.64,11,47,5.75,scattered clouds
216,Romos,RO,2022-03-14 03:37:45,45.8333,23.2833,29.52,63,0,3.09,clear sky
217,Jiblah,YE,2022-03-14 03:37:46,13.9216,44.1467,57.63,77,72,1.7,broken clouds
218,Boa Vista,BR,2022-03-14 03:37:46,2.8197,-60.6733,84.18,61,20,4.61,few clouds
219,Butaritari,KI,2022-03-14 03:37:46,3.0707,172.7902,81.68,74,4,18.39,clear sky
220,Pangnirtung,CA,2022-03-14 03:33:16,66.1451,-65.7125,-28.3,90,17,5.35,few clouds
221,Aragarcas,BR,2022-03-14 03:37:47,-15.8975,-52.2508,72.91,93,94,1.57,overcast clouds
222,Bozoum,CF,2022-03-14 03:37:47,6.3193,16.3799,74.53,38,54,2.82,broken clouds
223,Kuala Terengganu,MY,2022-03-14 03:37:47,5.3302,103.1408,82.35,89,40,3.44,scattered clouds
224,Bridlington,GB,2022-03-14 03:37:47,54.0831,-0.1919,44.02,92,100,3.0,overcast clouds
225,Aviles,ES,2022-03-14 03:37:48,43.5547,-5.9248,49.93,83,75,2.3,broken clouds
226,Cloquet,US,2022-03-14 03:37:48,46.7216,-92.4594,29.59,50,0,6.91,clear sky
227,Namibe,AO,2022-03-14 03:37:48,-15.1961,12.1522,70.0,81,99,7.43,overcast clouds
228,Hithadhoo,MV,2022-03-14 03:36:03,-0.6,73.0833,83.01,70,98,3.85,overcast clouds
229,Sayyan,YE,2022-03-14 03:37:49,15.1718,44.3244,54.57,32,54,2.68,broken clouds
230,Igrim,RU,2022-03-14 03:37:49,63.1906,64.4162,2.32,96,98,5.06,overcast clouds
231,Urucara,BR,2022-03-14 03:37:49,-2.5364,-57.76,73.27,99,100,2.66,moderate rain
232,Greenfield,US,2022-03-14 03:37:49,42.9614,-88.0126,40.66,67,40,3.44,scattered clouds
233,Pafos,CY,2022-03-14 03:37:50,34.7667,32.4167,40.78,45,40,11.5,scattered clouds
234,Canchungo,GW,2022-03-14 03:37:50,12.0672,-16.0333,67.12,80,12,5.14,few clouds
235,Richards Bay,ZA,2022-03-14 03:37:50,-28.783,32.0377,70.66,94,4,5.41,clear sky
236,Port Dover,CA,2022-03-14 03:37:51,42.7834,-80.1997,30.81,90,100,13.78,overcast clouds
237,Ketchikan,US,2022-03-14 03:35:17,55.3422,-131.6461,40.98,87,100,10.36,light rain
238,Glendive,US,2022-03-14 03:37:51,47.1053,-104.7125,33.42,97,100,10.36,mist
239,Emerald,AU,2022-03-14 03:35:03,-23.5333,148.1667,88.34,30,75,8.05,broken clouds
240,Taltal,CL,2022-03-14 03:37:51,-25.4,-70.4833,66.02,83,10,2.06,clear sky
241,Kaitangata,NZ,2022-03-14 03:37:51,-46.2817,169.8464,61.07,74,36,7.61,scattered clouds
242,Bajos De Haina,DO,2022-03-14 03:37:52,18.4154,-70.0332,73.36,94,20,0.0,few clouds
243,Berkovica,BA,2022-03-14 03:37:52,44.6156,18.4294,21.51,71,1,3.53,clear sky
244,Tura,IN,2022-03-14 03:37:52,25.5198,90.2201,90.28,15,4,3.91,clear sky
245,Whyalla,AU,2022-03-14 03:37:53,-33.0333,137.5833,91.29,25,67,9.22,broken clouds
246,Villazon,BO,2022-03-14 03:37:53,-22.0866,-65.5942,45.43,74,18,9.31,few clouds
247,Tiksi,RU,2022-03-14 03:37:53,71.6872,128.8694,-14.19,97,98,1.88,overcast clouds
248,Lukulu,ZM,2022-03-14 03:34:17,-14.3707,23.242,63.1,98,100,4.81,overcast clouds
249,Coquimbo,CL,2022-03-14 03:37:54,-29.9533,-71.3436,60.53,100,100,5.75,overcast clouds
250,Macroom,IE,2022-03-14 03:37:54,51.9,-8.95,39.27,90,1,5.44,clear sky
251,Miandrivazo,MG,2022-03-14 03:37:54,-19.5167,45.4667,77.95,78,78,3.74,broken clouds
252,Port Macquarie,AU,2022-03-14 03:37:54,-31.4333,152.9167,76.89,64,23,11.12,few clouds
253,Coihaique,CL,2022-03-14 03:36:00,-45.5752,-72.0662,53.55,71,0,10.36,clear sky
254,Bambous Virieux,MU,2022-03-14 03:37:55,-20.3428,57.7575,81.21,89,75,8.05,light rain
255,Zhezkazgan,KZ,2022-03-14 03:37:55,47.8043,67.7144,22.98,86,100,11.18,overcast clouds
256,Tateyama,JP,2022-03-14 03:37:55,34.9833,139.8667,65.19,74,3,22.12,clear sky
257,Port Lincoln,AU,2022-03-14 03:35:03,-34.7333,135.8667,78.48,49,32,13.04,scattered clouds
258,Lakselv,NO,2022-03-14 03:37:56,70.0513,24.9718,24.62,80,100,16.11,overcast clouds
259,Codrington,AU,2022-03-14 03:37:56,-38.2667,141.9667,70.92,73,100,16.13,light rain
260,Chililabombwe,ZM,2022-03-14 03:37:34,-12.3648,27.8229,60.51,95,100,2.89,overcast clouds
261,Jalu,LY,2022-03-14 03:37:56,29.0331,21.5482,49.96,55,3,9.75,clear sky
262,Karratha,AU,2022-03-14 03:37:57,-20.7377,116.8463,96.71,40,0,10.04,clear sky
263,Saint George,US,2022-03-14 03:34:56,37.1041,-113.5841,61.39,18,0,6.91,clear sky
264,Goure,NE,2022-03-14 03:37:57,13.9835,10.2704,73.02,13,50,11.16,scattered clouds
265,Mareeba,AU,2022-03-14 03:37:57,-17.0,145.4333,77.43,88,100,5.28,light rain
266,Whitehorse,CA,2022-03-14 03:34:04,60.7161,-135.0538,8.02,75,75,5.75,light snow
267,Narsaq,GL,2022-03-14 03:37:58,60.9167,-46.05,32.22,80,100,4.54,snow
268,Gravdal,NO,2022-03-14 03:37:58,68.1214,13.5031,39.85,71,100,9.46,overcast clouds
269,Epe,NG,2022-03-14 03:37:58,6.5841,3.9834,77.5,91,62,2.59,broken clouds
270,Amapa,BR,2022-03-14 03:37:58,1.0,-52.0,72.28,99,100,2.57,light rain
271,Omboue,GA,2022-03-14 03:37:59,-1.5746,9.2618,78.1,85,93,2.21,light rain
272,Hinganghat,IN,2022-03-14 03:37:59,20.5667,78.8333,88.48,13,0,3.8,clear sky
273,Chapais,CA,2022-03-14 03:37:59,49.7834,-74.8492,4.78,99,99,2.77,overcast clouds
274,Musoma,TZ,2022-03-14 03:38:00,-1.5,33.8,69.37,70,62,3.67,broken clouds
275,Borogontsy,RU,2022-03-14 03:38:00,62.6683,131.1683,6.35,84,100,2.64,overcast clouds
276,Arman,RU,2022-03-14 03:38:00,59.7,150.1667,23.02,61,100,1.57,overcast clouds
277,Svetlogorsk,BY,2022-03-14 03:38:01,52.6333,29.7333,28.4,75,13,5.68,few clouds
278,Blois,FR,2022-03-14 03:38:01,47.5833,1.3333,37.78,93,26,4.94,scattered clouds
279,Kirakira,SB,2022-03-14 03:38:01,-10.4544,161.9205,85.14,70,28,5.41,scattered clouds
280,Birjand,IR,2022-03-14 03:35:13,32.8663,59.2211,61.27,44,75,6.91,broken clouds
281,Saint Anthony,US,2022-03-14 03:38:01,45.0205,-93.218,37.29,66,100,3.44,overcast clouds
282,Hasaki,JP,2022-03-14 03:38:02,35.7333,140.8333,73.8,67,11,5.97,few clouds
283,Nanortalik,GL,2022-03-14 03:38:02,60.1432,-45.2371,29.28,88,100,16.55,snow
284,Solnechnyy,RU,2022-03-14 03:38:02,50.7214,136.6319,27.09,84,75,4.09,broken clouds
285,Hofn,IS,2022-03-14 03:38:03,64.2539,-15.2082,34.03,48,22,6.93,few clouds
286,Gondanglegi,ID,2022-03-14 03:38:03,-7.7479,112.0132,87.19,69,93,2.66,overcast clouds
287,Xucheng,CN,2022-03-14 03:38:03,20.35,110.1288,77.79,65,53,7.2,broken clouds
288,Chumikan,RU,2022-03-14 03:38:03,54.7183,135.315,24.01,78,66,10.96,broken clouds
289,Meulaboh,ID,2022-03-14 03:38:04,4.1363,96.1285,84.51,70,48,1.28,scattered clouds
290,Kununurra,AU,2022-03-14 03:38:04,-15.7667,128.7333,89.58,62,12,3.44,few clouds
291,Sept-Iles,CA,2022-03-14 03:35:11,50.2001,-66.3821,9.03,51,20,14.97,few clouds
292,Caravelas,BR,2022-03-14 03:38:04,-17.7125,-39.2481,76.93,86,100,4.65,overcast clouds
293,Poronaysk,RU,2022-03-14 03:38:04,49.2167,143.1167,28.67,91,93,3.18,overcast clouds
294,Zhigansk,RU,2022-03-14 03:38:05,66.7697,123.3711,-9.54,91,76,14.85,broken clouds
295,Leningradskiy,RU,2022-03-14 03:38:05,69.3833,178.4167,-4.95,94,74,7.09,broken clouds
296,San Cristobal,VE,2022-03-14 03:38:05,7.7669,-72.225,69.98,96,100,1.57,overcast clouds
297,Gladstone,AU,2022-03-14 03:38:06,-23.85,151.25,84.13,48,100,11.5,overcast clouds
298,Bodhan,IN,2022-03-14 03:38:06,18.6667,77.9,87.67,15,6,1.14,clear sky
299,Santa Catarina De Tepehuanes,MX,2022-03-14 03:38:06,25.35,-105.7333,46.98,31,14,7.09,few clouds
300,Darhan,MN,2022-03-14 03:37:36,49.4867,105.9228,17.28,80,100,11.34,overcast clouds
301,Bengkulu,ID,2022-03-14 03:38:06,-3.8004,102.2655,84.31,67,100,7.78,overcast clouds
302,Skelleftea,SE,2022-03-14 03:38:07,64.7507,20.9528,17.01,67,100,1.14,overcast clouds
303,Lavrentiya,RU,2022-03-14 03:38:07,65.5833,-171.0,4.96,79,0,4.5,clear sky
304,Veraval,IN,2022-03-14 03:38:07,20.9,70.3667,85.19,36,3,6.67,clear sky
305,Shunyi,CN,2022-03-14 03:38:08,40.125,116.6453,58.95,31,0,4.47,clear sky
306,Riyadh,SA,2022-03-14 03:34:08,24.6877,46.7219,57.34,47,2,5.99,clear sky
307,Bereda,ES,2022-03-14 03:38:08,43.2686,-7.5406,40.57,100,100,2.64,overcast clouds
308,Saldanha,ZA,2022-03-14 03:34:23,-33.0117,17.9442,51.85,66,93,15.75,overcast clouds
309,Pallasovka,RU,2022-03-14 03:38:08,50.05,46.8833,5.65,95,36,9.6,scattered clouds
310,Dmitriyevka,RU,2022-03-14 03:38:09,54.75,55.3333,-0.53,95,99,6.53,overcast clouds
311,Cedar City,US,2022-03-14 03:36:26,37.6775,-113.0619,43.77,39,20,9.22,few clouds
312,Marbella,ES,2022-03-14 03:38:09,36.5154,-4.8858,57.25,100,100,12.35,overcast clouds
313,Valparaiso,CL,2022-03-14 03:38:09,-33.0393,-71.6273,62.47,79,100,3.44,mist
314,Turukhansk,RU,2022-03-14 03:38:09,65.8167,87.9833,-3.69,96,100,5.01,overcast clouds
315,Tamahu,GT,2022-03-14 03:38:10,15.3333,-90.1667,53.24,99,40,1.23,scattered clouds
316,Auki,SB,2022-03-14 03:38:10,-8.7676,160.7034,85.73,66,80,3.96,broken clouds
317,Chicama,PE,2022-03-14 03:38:10,-7.8447,-79.1469,68.54,70,99,4.18,overcast clouds
318,Neiafu,TO,2022-03-14 03:38:11,-18.65,-173.9833,84.88,79,20,6.91,few clouds
319,Haines Junction,CA,2022-03-14 03:38:11,60.7522,-137.5108,10.35,56,100,4.61,overcast clouds
320,Borujerd,IR,2022-03-14 03:38:11,33.8973,48.7516,48.43,80,3,5.84,clear sky
321,Sinnamary,GF,2022-03-14 03:38:11,5.3833,-52.95,75.79,94,100,12.26,heavy intensity rain
322,Edwardsville,US,2022-03-14 03:38:10,38.8114,-89.9532,57.18,50,0,16.11,clear sky
323,Half Moon Bay,US,2022-03-14 03:38:12,37.4636,-122.4286,57.0,60,40,14.97,scattered clouds
324,Kushima,JP,2022-03-14 03:38:12,31.4583,131.2333,72.75,63,25,7.58,scattered clouds
325,Choix,MX,2022-03-14 03:38:12,26.7092,-108.3219,63.81,27,97,3.31,overcast clouds
326,Goderich,CA,2022-03-14 03:38:13,43.7501,-81.7165,32.92,80,100,6.91,overcast clouds
327,Kot Addu,PK,2022-03-14 03:38:13,30.4692,70.9671,84.38,26,60,6.35,broken clouds
328,Tilichiki,RU,2022-03-14 03:38:13,60.4667,166.1,14.16,76,0,6.15,clear sky
329,Langreo,ES,2022-03-14 03:38:13,43.2957,-5.6842,48.47,93,100,3.83,overcast clouds
330,Camapua,BR,2022-03-14 03:38:14,-19.5314,-54.0439,69.76,96,96,4.36,overcast clouds
331,Agadez,NE,2022-03-14 03:38:14,19.75,10.25,57.49,16,0,8.32,clear sky
332,Khorixas,NA,2022-03-14 03:38:14,-20.3667,14.9667,62.65,85,93,7.05,overcast clouds
333,Alyangula,AU,2022-03-14 03:38:15,-13.8483,136.4192,80.47,100,75,3.44,broken clouds
334,Klaksvik,FO,2022-03-14 03:38:15,62.2266,-6.589,45.52,94,52,14.09,broken clouds
335,Los Llanos De Aridane,ES,2022-03-14 03:38:15,28.6585,-17.9182,58.75,81,0,8.01,clear sky
336,Pinega,RU,2022-03-14 03:38:15,64.7001,43.3936,13.03,97,100,5.57,overcast clouds
337,College,US,2022-03-14 03:38:16,64.8569,-147.8028,12.15,47,0,3.44,haze
338,Sao Jose Dos Pinhais,BR,2022-03-14 03:38:16,-25.5347,-49.2064,66.36,64,100,3.44,overcast clouds
339,Isetskoye,RU,2022-03-14 03:38:16,56.4858,65.3226,8.19,91,100,7.23,overcast clouds
340,Port Pirie,AU,2022-03-14 03:38:17,-33.1833,138.0167,91.49,24,69,10.94,light rain
341,Vostok,RU,2022-03-14 03:38:17,46.4856,135.8833,31.15,81,100,2.21,overcast clouds
342,Fort Walton Beach,US,2022-03-14 03:34:31,30.4058,-86.6188,48.97,76,0,5.01,clear sky
343,Garowe,SO,2022-03-14 03:38:17,8.4054,48.4845,67.69,86,12,11.74,few clouds
344,Kirishi,RU,2022-03-14 03:38:17,59.4471,32.0205,32.07,98,100,2.68,overcast clouds
345,Bilibino,RU,2022-03-14 03:38:18,68.0546,166.4372,3.34,84,80,2.15,broken clouds
346,Matveyev Kurgan,RU,2022-03-14 03:38:18,47.5645,38.8695,23.92,64,24,4.83,few clouds
347,Banepa,NP,2022-03-14 03:38:18,27.6298,85.5214,66.52,60,20,2.3,haze
348,Emba,KZ,2022-03-14 03:38:18,48.8264,58.1442,5.02,95,76,2.04,broken clouds
349,Khani,GE,2022-03-14 03:38:19,41.9563,42.9566,26.17,77,100,2.01,overcast clouds
350,Margate,GB,2022-03-14 03:38:19,51.3813,1.3862,46.31,92,65,1.01,broken clouds
351,Toyo,PH,2022-03-14 03:38:19,10.7333,125.0167,78.6,92,100,2.93,light rain
352,Palafrugell,ES,2022-03-14 03:38:20,41.9174,3.1631,48.45,53,100,3.0,overcast clouds
353,Shubarkuduk,KZ,2022-03-14 03:38:20,49.1447,56.4872,3.18,99,99,2.1,overcast clouds
354,Sao Joao Da Barra,BR,2022-03-14 03:38:20,-21.6403,-41.0511,77.31,87,1,12.35,clear sky
355,Mayumba,GA,2022-03-14 03:38:20,-3.432,10.6554,78.57,86,78,5.95,light rain
356,Vysokogornyy,RU,2022-03-14 03:38:21,50.1167,139.15,28.0,77,100,3.09,overcast clouds
357,Vao,NC,2022-03-14 03:38:21,-22.6667,167.4833,79.75,79,65,14.56,broken clouds
358,Mpika,ZM,2022-03-14 03:38:21,-11.8343,31.4529,61.32,98,100,2.62,overcast clouds
359,Belaya Gora,RU,2022-03-14 03:38:22,68.5333,146.4167,1.17,88,100,4.09,overcast clouds
360,Bundaberg,AU,2022-03-14 03:38:22,-24.85,152.35,82.69,57,40,17.27,scattered clouds
361,Longyearbyen,SJ,2022-03-14 03:38:22,78.2186,15.6401,37.24,70,75,19.57,broken clouds
362,Matamoros,MX,2022-03-14 03:38:22,25.5333,-103.25,68.11,13,0,0.0,clear sky
363,Helong,CN,2022-03-14 03:38:23,42.5397,128.9972,36.34,95,100,3.89,light rain
364,Ust-Nera,RU,2022-03-14 03:38:23,64.5667,143.2,8.6,89,100,2.68,light snow
365,Kampene,CD,2022-03-14 03:38:23,-3.6,26.6667,66.06,99,96,1.66,overcast clouds
366,Lata,PT,2022-03-14 03:38:24,40.1629,-8.3327,46.08,86,100,5.14,overcast clouds
367,Pervomayskoye,RU,2022-03-14 03:38:24,43.919,46.7102,29.62,69,12,2.04,few clouds
368,Sri Aman,MY,2022-03-14 03:38:24,1.2376,111.4621,87.85,70,20,0.0,few clouds
369,Launceston,AU,2022-03-14 03:34:40,-41.45,147.1667,71.24,61,100,19.57,light rain
370,Aborlan,PH,2022-03-14 03:38:24,9.4352,118.5492,85.53,72,51,5.88,broken clouds
371,Bayan,CN,2022-03-14 03:38:25,46.0833,127.4,29.93,87,100,11.63,light snow
372,Erenhot,CN,2022-03-14 03:38:25,43.6475,111.9767,41.83,34,92,13.35,overcast clouds
373,Grand Island,US,2022-03-14 03:38:25,40.925,-98.342,53.89,47,0,5.75,clear sky
374,Muzaffarabad,PK,2022-03-14 03:38:26,34.37,73.4711,75.02,38,98,3.0,overcast clouds
375,Mecca,SA,2022-03-14 03:37:35,21.4267,39.8261,68.32,66,16,4.38,few clouds
376,Concordia,AR,2022-03-14 03:38:26,-31.393,-58.0209,59.79,88,23,4.43,few clouds
377,Salalah,OM,2022-03-14 03:38:26,17.0151,54.0924,71.69,37,0,4.61,clear sky
378,Ust-Omchug,RU,2022-03-14 03:37:58,61.15,149.6333,7.65,82,100,3.15,overcast clouds
379,Mount Gambier,AU,2022-03-14 03:38:27,-37.8333,140.7667,80.51,50,100,8.05,overcast clouds
380,Tripoli,LY,2022-03-14 03:38:27,32.8752,13.1875,58.86,62,32,11.83,scattered clouds
381,The Pas,CA,2022-03-14 03:38:27,53.8251,-101.2541,12.22,73,100,10.36,overcast clouds
382,Kalvarija,LT,2022-03-14 03:38:27,54.4,23.2333,30.27,81,88,5.46,overcast clouds
383,Beawar,IN,2022-03-14 03:38:28,26.1,74.3167,84.78,18,0,13.47,clear sky
384,Necochea,AR,2022-03-14 03:38:28,-38.5473,-58.7368,57.61,90,0,8.08,clear sky
385,La Union,PE,2022-03-14 03:38:28,-5.4,-80.75,78.76,65,90,8.01,overcast clouds
386,Cabo San Lucas,MX,2022-03-14 03:38:29,22.8909,-109.9124,70.52,59,20,2.3,few clouds
387,Kedrovyy,RU,2022-03-14 03:38:29,56.1667,91.8167,-0.13,80,58,8.19,broken clouds
388,Rawson,AR,2022-03-14 03:35:58,-43.3002,-65.1023,61.02,52,33,3.02,scattered clouds
389,Tucuma,BR,2022-03-14 03:38:29,-0.1833,-50.05,75.58,93,99,5.17,overcast clouds
390,Ossora,RU,2022-03-14 03:38:29,59.2353,163.0719,19.56,83,4,1.77,clear sky
391,Kaputa,ZM,2022-03-14 03:34:16,-8.4689,29.6619,64.49,91,100,2.71,overcast clouds
392,Kattivakkam,IN,2022-03-14 03:38:30,13.2167,80.3167,84.29,71,40,5.57,scattered clouds
393,Kivsharivka,UA,2022-03-14 03:38:30,49.6213,37.7036,13.14,97,96,4.34,overcast clouds
394,Jumla,NP,2022-03-14 03:38:30,29.2747,82.1838,65.03,15,7,2.44,clear sky
395,General Roca,AR,2022-03-14 03:38:31,-39.0333,-67.5833,69.62,29,17,10.11,few clouds
396,Namatanai,PG,2022-03-14 03:38:31,-3.6667,152.4333,85.3,59,71,8.99,broken clouds
397,Mao,ES,2022-03-14 03:38:31,39.8885,4.2658,55.96,94,20,8.05,few clouds
398,Willowmore,ZA,2022-03-14 03:38:31,-33.2926,23.4895,53.28,75,100,12.39,overcast clouds
399,Aleksandrovsk-Sakhalinskiy,RU,2022-03-14 03:38:32,50.8975,142.1561,27.75,88,91,3.06,overcast clouds
400,Hammel,DK,2022-03-14 03:38:32,56.2576,9.8632,40.51,78,4,11.77,clear sky
401,Petropavlovsk-Kamchatskiy,RU,2022-03-14 03:38:32,53.0452,158.6483,32.59,60,20,8.95,few clouds
402,Anloga,GH,2022-03-14 03:38:32,5.7947,0.8973,81.46,80,62,10.69,broken clouds
403,Santa Cruz,BO,2022-03-14 03:38:33,-17.8,-63.1667,74.66,73,75,5.75,broken clouds
404,Lorengau,PG,2022-03-14 03:38:33,-2.0226,147.2712,86.58,66,53,8.86,broken clouds
405,Lima,PE,2022-03-14 03:38:33,-12.0432,-77.0282,71.38,72,20,8.05,few clouds
406,Motema,SL,2022-03-14 03:38:34,8.6,-11.0333,69.73,98,89,2.15,overcast clouds
407,Druzhba,UA,2022-03-14 03:38:34,52.0428,33.9453,24.37,92,59,7.85,light snow
408,Sokur,RU,2022-03-14 03:38:34,55.2093,83.319,4.55,82,6,14.97,clear sky
409,Sitka,US,2022-03-14 03:38:34,57.0531,-135.33,44.49,53,100,17.27,overcast clouds
410,Tiarei,PF,2022-03-14 03:38:35,-17.5333,-149.3333,84.22,74,62,8.57,broken clouds
411,Brasileia,BR,2022-03-14 03:38:35,-11.0161,-68.7481,70.34,99,100,2.3,overcast clouds
412,Prince Rupert,CA,2022-03-14 03:38:35,54.3161,-130.3201,41.09,93,100,31.07,light rain
413,Hutang,CN,2022-03-14 03:38:36,31.5333,119.4833,78.42,63,24,11.81,few clouds
414,Khandyga,RU,2022-03-14 03:38:36,62.6667,135.6,9.05,86,100,1.1,overcast clouds
415,Sabang,ID,2022-03-14 03:38:36,5.8933,95.3214,81.72,78,92,12.53,overcast clouds
416,Port-Gentil,GA,2022-03-14 03:38:36,-0.7193,8.7815,81.1,77,99,4.27,light rain
417,Rio Negrinho,BR,2022-03-14 03:38:37,-26.2544,-49.5183,63.95,100,100,1.5,moderate rain
418,Aklavik,CA,2022-03-14 03:38:37,68.2191,-135.0107,-5.17,90,100,6.13,overcast clouds
419,Dalvik,IS,2022-03-14 03:38:37,65.9702,-18.5286,28.33,59,29,12.24,scattered clouds
420,Moron,AR,2022-03-14 03:38:38,-34.6534,-58.6198,69.55,72,0,2.95,clear sky
421,Nyurba,RU,2022-03-14 03:38:38,63.2842,118.3319,0.93,84,100,4.83,overcast clouds
422,Acton Vale,CA,2022-03-14 03:38:38,45.6501,-72.5658,23.31,86,100,1.01,overcast clouds
423,Biloela,AU,2022-03-14 03:38:38,-24.4167,150.5,86.94,34,45,12.59,scattered clouds
424,Port Hueneme,US,2022-03-14 03:38:39,34.1478,-119.1951,62.26,82,0,5.75,clear sky
425,Ahuimanu,US,2022-03-14 03:38:39,21.4447,-157.8378,82.11,65,20,12.66,few clouds
426,Burns Lake,CA,2022-03-14 03:38:39,54.2331,-125.7533,36.82,98,100,5.61,overcast clouds
427,Sokoni,TZ,2022-03-14 03:38:39,-6.4333,39.55,79.88,75,100,5.97,overcast clouds
428,Broome,US,2022-03-14 03:38:40,42.2506,-75.833,28.45,74,100,8.05,overcast clouds
429,Teguise,ES,2022-03-14 03:38:40,29.0605,-13.564,59.22,82,20,5.75,few clouds
430,Savalou,BJ,2022-03-14 03:38:40,7.9281,1.9756,79.79,74,19,3.89,few clouds
431,Duminichi,RU,2022-03-14 03:38:41,53.9345,35.1099,29.19,96,99,8.97,light snow
432,Olafsvik,IS,2022-03-14 03:38:41,64.8945,-23.7142,38.08,79,100,29.75,overcast clouds
433,Kargil,IN,2022-03-14 03:38:41,34.5667,76.1,13.37,71,97,1.28,overcast clouds
434,Nuuk,GL,2022-03-14 03:38:41,64.1835,-51.7216,9.21,85,100,12.66,light shower snow
435,Clarence Town,AU,2022-03-14 03:38:42,-32.5833,151.7833,78.82,60,54,7.61,light rain
436,Karasjok,NO,2022-03-14 03:38:42,69.4719,25.5112,12.27,98,99,2.33,overcast clouds
437,Sao Filipe,CV,2022-03-14 03:38:42,14.8961,-24.4956,70.66,73,0,18.59,clear sky
438,Pauini,BR,2022-03-14 03:38:42,-7.7136,-66.9764,72.07,99,100,1.79,overcast clouds
439,Gazanjyk,TM,2022-03-14 03:38:43,39.2446,55.5154,46.42,48,100,6.6,overcast clouds
440,Hokitika,NZ,2022-03-14 03:38:43,-42.7167,170.9667,66.97,67,5,9.24,clear sky
441,Majene,ID,2022-03-14 03:35:43,-3.5403,118.9707,85.95,65,13,6.11,few clouds
442,Batagay-Alyta,RU,2022-03-14 03:38:43,67.8006,130.4114,-6.02,87,92,2.08,overcast clouds
443,Mayor Pablo Lagerenza,PY,2022-03-14 03:38:44,-19.9309,-60.7718,69.82,56,91,4.32,overcast clouds
444,Kruisfontein,ZA,2022-03-14 03:38:44,-34.0033,24.7314,57.88,76,100,18.72,overcast clouds
445,Loralai,PK,2022-03-14 03:38:44,30.3705,68.598,73.08,28,27,2.98,scattered clouds
446,Egvekinot,RU,2022-03-14 03:38:44,66.3167,-179.1667,5.99,70,1,7.09,clear sky
447,Moose Factory,CA,2022-03-14 03:38:45,51.2585,-80.6094,1.4,60,0,4.61,clear sky
448,Nioro,GM,2022-03-14 03:38:45,13.35,-15.75,71.42,42,28,4.9,scattered clouds
449,Kalmunai,LK,2022-03-14 03:38:45,7.4167,81.8167,82.67,72,58,11.5,broken clouds
450,Canutama,BR,2022-03-14 03:38:46,-6.5339,-64.3831,72.07,99,100,2.06,overcast clouds
451,Bonavista,CA,2022-03-14 03:38:46,48.6499,-53.1147,23.49,68,100,30.78,light snow
452,Grand Gaube,MU,2022-03-14 03:38:46,-20.0064,57.6608,81.37,80,100,5.01,overcast clouds
453,Hami,CN,2022-03-14 03:38:46,42.8,93.45,58.51,26,100,3.69,overcast clouds
454,Mandalgovi,MN,2022-03-14 03:38:47,45.7625,106.2708,42.98,25,76,17.36,broken clouds
455,Boyolangu,ID,2022-03-14 03:38:47,-8.1181,111.8935,86.4,68,76,3.76,broken clouds
456,Okitipupa,NG,2022-03-14 03:38:47,6.5047,4.7839,75.85,94,66,1.23,broken clouds
457,Sarangani,PH,2022-03-14 03:38:48,5.4033,125.4636,82.85,73,63,2.91,broken clouds
458,Sawakin,SD,2022-03-14 03:38:48,19.1059,37.3321,70.32,69,88,9.17,overcast clouds
459,Svay Rieng,KH,2022-03-14 03:38:48,11.0879,105.7993,93.45,45,48,8.34,scattered clouds
460,Buala,SB,2022-03-14 03:38:48,-8.145,159.5921,84.96,69,86,3.76,overcast clouds
461,Verkhnevilyuysk,RU,2022-03-14 03:38:49,63.4453,120.3167,1.6,85,100,4.43,overcast clouds
462,Takaka,NZ,2022-03-14 03:38:49,-40.85,172.8,68.56,55,99,3.96,overcast clouds
463,Tymovskoye,RU,2022-03-14 03:38:49,50.8456,142.655,30.4,82,100,1.21,overcast clouds
464,Henties Bay,NA,2022-03-14 03:38:50,-22.116,14.2845,62.58,86,98,10.25,overcast clouds
465,Tigil,RU,2022-03-14 03:38:50,57.8,158.6667,24.19,75,4,2.21,clear sky
466,Makat,KZ,2022-03-14 03:38:50,47.6469,53.3463,23.16,68,82,8.93,broken clouds
467,Boueni,YT,2022-03-14 03:38:50,-12.9025,45.0761,78.78,74,91,6.96,overcast clouds
468,Port Blair,IN,2022-03-14 03:38:51,11.6667,92.75,86.04,70,20,6.91,haze
469,Umm Lajj,SA,2022-03-14 03:38:51,25.0213,37.2685,64.27,53,0,12.3,clear sky
470,Lalmohan,BD,2022-03-14 03:38:51,22.3384,90.7419,84.29,33,56,7.78,broken clouds
471,Tezu,IN,2022-03-14 03:38:51,27.9167,96.1667,91.98,13,0,4.7,clear sky
472,Inhambane,MZ,2022-03-14 03:38:52,-23.865,35.3833,76.1,89,1,5.93,clear sky
473,Rabo De Peixe,PT,2022-03-14 03:38:52,37.8,-25.5833,55.27,87,75,9.22,broken clouds
474,Doka,SD,2022-03-14 03:38:52,13.5167,35.7667,75.99,44,99,10.56,overcast clouds
475,Andujar,ES,2022-03-14 03:38:53,38.0392,-4.0508,57.2,91,100,2.21,overcast clouds
476,Great Yarmouth,GB,2022-03-14 03:37:42,52.6083,1.7305,44.85,93,100,8.86,overcast clouds
477,Amga,RU,2022-03-14 03:38:53,60.8953,131.9608,10.63,82,100,3.96,overcast clouds
478,Basoko,CD,2022-03-14 03:38:53,1.2391,23.616,69.46,95,67,4.12,light rain
479,Devils Lake,US,2022-03-14 03:38:53,48.1128,-98.8651,16.95,81,100,4.61,overcast clouds
480,Nantucket,US,2022-03-14 03:38:54,41.2835,-70.0995,37.51,61,100,25.32,overcast clouds
481,Vila Franca Do Campo,PT,2022-03-14 03:38:54,37.7167,-25.4333,56.19,65,90,14.97,overcast clouds
482,Igarka,RU,2022-03-14 03:38:54,67.4667,86.5833,-7.56,98,100,8.61,overcast clouds
483,Talcahuano,CL,2022-03-14 03:38:55,-36.7167,-73.1167,58.68,77,0,1.14,clear sky
484,Mana,GF,2022-03-14 03:38:55,5.6592,-53.7767,75.45,94,100,9.73,moderate rain
485,Acapulco,MX,2022-03-14 03:35:10,16.8634,-99.8901,75.02,78,20,5.75,few clouds
486,Galeana,MX,2022-03-14 03:38:55,24.8333,-100.0667,46.0,59,0,4.38,clear sky
487,Sovetskiy,RU,2022-03-14 03:38:55,61.3614,63.5842,5.52,94,100,6.55,overcast clouds
488,Ust-Kuyga,RU,2022-03-14 03:38:56,70.0167,135.6,-11.43,91,94,0.34,overcast clouds
489,Yumen,CN,2022-03-14 03:38:56,40.2833,97.2,55.62,24,100,6.55,overcast clouds
490,Saint-Francois,FR,2022-03-14 03:38:56,46.4154,3.9054,32.68,99,0,5.75,clear sky
491,Kiunga,PG,2022-03-14 03:38:57,-6.1219,141.2906,95.59,43,79,3.24,light rain
492,Takoradi,GH,2022-03-14 03:38:57,4.8845,-1.7554,75.79,86,100,6.78,overcast clouds
493,Labuhan,ID,2022-03-14 03:38:57,-6.8844,112.2051,85.42,72,97,2.82,overcast clouds
494,Taoudenni,ML,2022-03-14 03:38:57,22.6783,-3.9836,70.81,11,0,4.09,clear sky
495,Solwezi,ZM,2022-03-14 03:38:58,-12.1688,26.3894,61.03,92,100,2.66,overcast clouds
496,Knin,HR,2022-03-14 03:38:58,44.0439,16.2,32.13,81,0,3.04,clear sky
497,Chisec,GT,2022-03-14 03:38:58,15.8167,-90.2833,64.69,98,73,1.32,broken clouds
498,Aquiraz,BR,2022-03-14 03:38:59,-3.9014,-38.3911,81.05,82,92,4.21,overcast clouds
499,Ilulissat,GL,2022-03-14 03:38:59,69.2167,-51.1,5.02,72,40,5.75,scattered clouds
500,Ayan,RU,2022-03-14 03:38:59,56.45,138.1667,19.87,74,100,4.27,overcast clouds
501,Culpeper,US,2022-03-14 03:38:59,38.5004,-77.9664,35.89,68,0,0.0,clear sky
502,Oda,JP,2022-03-14 03:39:00,35.1833,132.5,56.17,75,57,5.03,broken clouds
503,Eirunepe,BR,2022-03-14 03:39:00,-6.6603,-69.8736,70.93,99,100,1.48,overcast clouds
504,Husavik,IS,2022-03-14 03:39:00,66.0449,-17.3389,20.95,75,13,15.43,few clouds
505,Mustasaari,FI,2022-03-14 03:34:55,63.1142,21.6822,28.35,80,62,3.44,broken clouds
506,Mezen,RU,2022-03-14 03:39:01,65.8522,44.24,1.6,100,76,2.89,broken clouds
507,Mayya,RU,2022-03-14 03:39:01,61.7333,130.2811,2.32,86,100,5.46,overcast clouds
508,Olinda,BR,2022-03-14 03:39:01,-8.0089,-34.8553,82.13,74,40,4.61,scattered clouds
509,Balkhash,KZ,2022-03-14 03:39:01,46.844,74.9804,32.61,93,75,15.66,broken clouds
510,Boden,SE,2022-03-14 03:35:23,65.8252,21.6886,17.6,97,100,1.59,overcast clouds
511,Radcliff,US,2022-03-14 03:35:04,37.8404,-85.9491,47.23,53,0,6.91,clear sky
512,Diu,IN,2022-03-14 03:39:02,20.7141,70.9822,87.21,29,4,4.56,clear sky
513,Aden,YE,2022-03-14 03:34:10,12.7794,45.0367,77.58,68,11,16.02,few clouds
514,Taganak,PH,2022-03-14 03:39:02,6.0833,118.3,87.94,76,46,2.73,scattered clouds
515,Basco,PH,2022-03-14 03:39:02,20.4487,121.9702,75.65,88,100,14.54,overcast clouds
516,Maunabo,PR,2022-03-14 03:39:03,18.0072,-65.8993,75.88,79,9,13.98,clear sky
517,Pouembout,NC,2022-03-14 03:39:03,-21.1333,164.9,84.51,72,89,1.95,overcast clouds
518,Inuvik,CA,2022-03-14 03:39:03,68.3499,-133.7218,-1.44,63,75,8.05,broken clouds
519,Cairns,AU,2022-03-14 03:37:40,-16.9167,145.7667,82.06,97,75,9.22,moderate rain
520,Kavieng,PG,2022-03-14 03:39:04,-2.5744,150.7967,85.8,64,9,12.82,clear sky
521,Makokou,GA,2022-03-14 03:39:04,0.5738,12.8642,68.65,99,38,1.36,scattered clouds
522,Agua Verde,MX,2022-03-14 03:39:04,22.9,-106.05,62.69,63,32,4.72,scattered clouds
523,Poum,NC,2022-03-14 03:39:04,-20.2333,164.0167,81.75,77,65,8.39,broken clouds
524,Namsos,NO,2022-03-14 03:39:05,64.4662,11.4957,28.9,85,100,5.68,overcast clouds
525,Obo,CF,2022-03-14 03:39:05,5.3998,26.4869,69.44,76,100,3.62,overcast clouds
526,Noumea,NC,2022-03-14 03:39:05,-22.2763,166.4572,84.0,99,100,6.85,light rain
527,Boguchany,RU,2022-03-14 03:39:05,58.3814,97.4531,0.88,86,94,4.61,overcast clouds
528,Mercedes,AR,2022-03-14 03:39:06,-34.6515,-59.4307,61.03,52,0,6.35,clear sky
529,Muros,ES,2022-03-14 03:39:06,42.7762,-9.0603,44.83,95,100,7.43,overcast clouds
530,Wicklow,IE,2022-03-14 03:39:06,53.0,-6.4167,38.05,86,8,5.48,clear sky
531,Ciudad Bolivar,VE,2022-03-14 03:39:07,8.1222,-63.5497,76.78,73,100,14.18,overcast clouds
532,Camopi,GF,2022-03-14 03:39:07,3.1655,-52.3158,72.46,99,100,1.77,overcast clouds
533,Frejus,FR,2022-03-14 03:39:07,43.4329,6.7352,49.69,79,100,10.31,overcast clouds
534,Saint-Denis,FR,2022-03-14 03:39:08,48.9167,2.3333,45.1,87,0,5.75,clear sky
535,Faya,SA,2022-03-14 03:39:08,18.3851,42.4509,55.51,77,9,0.63,clear sky
536,Sembakung,ID,2022-03-14 03:39:08,3.8167,117.25,93.0,51,76,1.28,broken clouds
537,Campbell River,CA,2022-03-14 03:39:08,50.0163,-125.2446,46.45,93,100,9.22,overcast clouds
538,Natal,BR,2022-03-14 03:37:06,-5.795,-35.2094,79.02,94,40,2.3,scattered clouds
539,Beloha,MG,2022-03-14 03:39:09,-25.1667,45.05,73.11,74,67,8.81,broken clouds
540,Shimanovsk,RU,2022-03-14 03:38:32,52.0,127.7,26.47,66,47,3.8,scattered clouds
541,Luderitz,NA,2022-03-14 03:39:09,-26.6481,15.1594,60.96,69,0,27.45,clear sky
542,Canatlan,MX,2022-03-14 03:39:09,24.5167,-104.7833,52.43,22,12,7.78,few clouds
543,Ranong,TH,2022-03-14 03:39:10,9.9658,98.6348,87.73,60,95,6.71,overcast clouds
544,Dingle,PH,2022-03-14 03:39:10,10.9995,122.6711,88.43,60,78,8.99,broken clouds
545,Aykhal,RU,2022-03-14 03:39:10,66.0,111.5,-7.96,88,42,3.94,scattered clouds
546,Medea,DZ,2022-03-14 03:39:11,36.2642,2.7539,49.64,61,93,20.69,overcast clouds
547,Zelenoborsk,RU,2022-03-14 03:39:11,61.4669,64.0333,5.61,94,100,6.8,overcast clouds
548,Makhinjauri,GE,2022-03-14 03:39:11,41.6739,41.694,35.46,87,75,4.61,broken clouds
549,Mata,PT,2022-03-14 03:39:11,40.683,-7.4592,48.6,86,100,5.82,overcast clouds
550,Finschhafen,PG,2022-03-14 03:39:12,-6.6024,147.8681,84.61,71,99,5.73,overcast clouds
551,Tanout,NE,2022-03-14 03:39:12,14.9709,8.8879,64.76,11,35,13.62,scattered clouds
552,Guanare,VE,2022-03-14 03:39:12,9.0418,-69.7421,77.05,71,100,2.89,overcast clouds
553,Roswell,US,2022-03-14 03:37:54,34.0232,-84.3616,42.96,66,0,1.14,clear sky
554,Talnakh,RU,2022-03-14 03:39:12,69.4865,88.3972,-3.8,93,100,8.05,overcast clouds
555,Roald,NO,2022-03-14 03:39:13,62.5833,6.1333,46.54,36,100,6.91,overcast clouds
556,Batemans Bay,AU,2022-03-14 03:39:13,-35.7167,150.1833,74.1,72,26,7.4,scattered clouds
557,Encruzilhada Do Sul,BR,2022-03-14 03:39:13,-30.5439,-52.5219,59.88,98,100,5.99,overcast clouds
558,Opuwo,NA,2022-03-14 03:39:14,-18.0607,13.84,62.67,88,100,5.19,overcast clouds
559,Xiamen,CN,2022-03-14 03:35:38,24.4798,118.0819,80.65,57,0,4.47,clear sky
560,Tongliao,CN,2022-03-14 03:39:14,43.6125,122.2653,32.0,77,100,14.34,overcast clouds
561,Tashtyp,RU,2022-03-14 03:39:14,52.7939,89.8983,11.48,87,100,3.76,light snow
562,Magomeni,TZ,2022-03-14 03:39:15,-6.8,39.25,79.5,76,100,4.27,overcast clouds
563,Iisalmi,FI,2022-03-14 03:39:15,63.5592,27.1907,21.02,98,98,3.91,overcast clouds
564,Buraydah,SA,2022-03-14 03:39:15,26.326,43.975,57.65,36,17,8.39,few clouds
565,Urumqi,CN,2022-03-14 03:39:15,43.801,87.6005,43.75,81,75,6.71,mist
566,Pirovskoye,RU,2022-03-14 03:39:16,57.6267,92.2658,4.5,83,46,5.06,scattered clouds
567,Bela,IN,2022-03-14 03:39:16,25.9333,81.9833,84.92,19,0,3.98,clear sky
568,Bluefields,NI,2022-03-14 03:39:16,12.0137,-83.7635,75.67,91,97,10.07,overcast clouds
569,Pocri,PA,2022-03-14 03:39:17,8.2667,-80.55,76.32,77,51,8.79,broken clouds
570,Constitucion,CL,2022-03-14 03:39:17,-35.3333,-72.4167,60.49,71,0,3.02,clear sky
571,Beterou,BJ,2022-03-14 03:39:17,9.1992,2.2586,79.74,70,89,3.4,overcast clouds
572,Chama,CH,2022-03-14 03:39:17,47.1821,8.4636,46.62,78,100,9.22,overcast clouds
573,Hue,VN,2022-03-14 03:39:18,16.4667,107.6,78.91,73,40,3.44,scattered clouds
574,Santo Domingo,DO,2022-03-14 03:34:45,18.5001,-69.9886,73.08,94,20,0.0,few clouds
575,Omihachiman,JP,2022-03-14 03:39:18,35.1286,136.0976,64.58,83,82,4.14,broken clouds
576,Teeli,RU,2022-03-14 03:39:18,51.0333,90.2333,19.6,87,83,3.62,broken clouds
577,Flinders,AU,2022-03-14 03:39:19,-34.5833,150.8552,77.18,70,46,3.0,light rain
578,Long Xuyen,VN,2022-03-14 03:39:19,10.3833,105.4167,84.15,45,83,11.07,broken clouds
579,El Dorado,US,2022-03-14 03:38:16,38.7666,-120.5177,47.07,75,73,3.0,broken clouds
580,Pamekasan,ID,2022-03-14 03:39:19,-7.1568,113.4746,85.86,71,93,4.59,overcast clouds
581,Korhogo,CI,2022-03-14 03:39:19,9.45,-5.6333,76.42,64,87,7.34,light rain
582,Areosa,PT,2022-03-14 03:39:20,41.7178,-8.8571,46.92,83,98,8.01,overcast clouds
583,Saint Matthews,US,2022-03-14 03:39:20,38.2529,-85.6558,47.91,51,0,8.05,clear sky
584,Douglas,US,2022-03-14 03:39:20,41.3,-96.167,50.52,59,0,4.61,clear sky
585,Saint-Leu,RE,2022-03-14 03:39:21,-21.15,55.2833,77.32,77,64,1.3,light rain
586,Balao,EC,2022-03-14 03:39:21,-2.9167,-79.8167,75.85,85,86,2.84,light rain
587,Mount Isa,AU,2022-03-14 03:39:21,-20.7333,139.5,94.77,34,0,5.75,clear sky
588,Sao Raimundo Das Mangabeiras,BR,2022-03-14 03:39:22,-7.0219,-45.4811,72.81,90,6,2.28,clear sky
589,Bend,US,2022-03-14 03:36:54,44.0582,-121.3153,40.48,67,0,16.11,clear sky
590,Houston,US,2022-03-14 03:34:56,29.7633,-95.3633,57.97,77,100,14.97,overcast clouds
591,Surt,LY,2022-03-14 03:39:22,31.2089,16.5887,54.03,71,0,13.76,clear sky
592,Lagos,NG,2022-03-14 03:34:37,6.5833,3.75,75.52,90,17,2.86,few clouds
593,Dickinson,US,2022-03-14 03:39:22,29.4608,-95.0513,59.04,81,75,9.22,broken clouds
594,Nawalapitiya,LK,2022-03-14 03:39:23,7.0559,80.5348,80.87,56,80,2.06,broken clouds
595,Jalingo,NG,2022-03-14 03:39:23,8.8833,11.3667,76.35,22,85,3.33,overcast clouds
596,Chute-Aux-Outardes,CA,2022-03-14 03:39:23,49.1168,-68.399,6.78,51,0,6.91,clear sky
597,Sur,OM,2022-03-14 03:39:23,22.5667,59.5289,83.61,36,21,5.1,few clouds
598,Mont-Dore,NC,2022-03-14 03:39:24,-22.2833,166.5833,84.0,99,100,8.57,light rain
599,Najran,SA,2022-03-14 03:36:04,17.4924,44.1277,57.85,18,25,3.47,scattered clouds
600,Sorong,ID,2022-03-14 03:39:24,-0.8833,131.25,83.93,78,84,7.54,broken clouds
601,Luebo,CD,2022-03-14 03:39:24,-5.35,21.4167,66.6,98,99,1.45,overcast clouds
602,Puerto Escondido,MX,2022-03-14 03:39:25,15.85,-97.0667,79.63,73,20,0.0,few clouds
603,Raga,SS,2022-03-14 03:39:25,8.4596,25.678,71.37,22,96,3.94,overcast clouds
604,Palu,ID,2022-03-14 03:39:25,-0.8917,119.8707,88.63,66,49,3.65,scattered clouds
605,Kofele,ET,2022-03-14 03:39:25,7.0667,38.7833,49.08,58,99,6.31,overcast clouds
606,Si Sa Ket,TH,2022-03-14 03:39:26,14.8333,104.3333,97.25,35,13,7.16,few clouds
607,Kaka,TM,2022-03-14 03:39:26,37.3482,59.6143,50.0,52,23,10.83,few clouds
608,Qaqortoq,GL,2022-03-14 03:39:26,60.7167,-46.0333,25.57,95,100,5.93,snow
609,Gisborne,NZ,2022-03-14 03:39:27,-38.6533,178.0042,64.2,85,100,11.05,overcast clouds
610,Wichita Falls,US,2022-03-14 03:38:26,33.9137,-98.4934,55.42,28,0,18.41,clear sky
611,Santa Branca,BR,2022-03-14 03:39:27,-23.3967,-45.8839,67.82,99,98,0.81,overcast clouds
612,Riberalta,BO,2022-03-14 03:39:27,-10.9833,-66.1,71.2,99,45,2.57,scattered clouds
613,San Quintin,MX,2022-03-14 03:39:27,30.4833,-115.95,57.18,85,0,15.21,clear sky
614,Alice Springs,AU,2022-03-14 03:35:10,-23.7,133.8833,96.35,11,5,9.22,clear sky
615,Carmen,MX,2022-03-14 03:34:58,18.6333,-91.8333,72.14,78,86,4.21,overcast clouds
616,Tim,RU,2022-03-14 03:39:28,51.6222,37.1244,19.02,93,78,12.01,broken clouds
617,Praya,CV,2022-03-14 03:39:28,14.9215,-23.5087,68.54,77,20,26.46,few clouds
618,Pangkalanbuun,ID,2022-03-14 03:39:28,-2.6833,111.6167,92.97,50,94,2.33,overcast clouds
619,Mehamn,NO,2022-03-14 03:39:29,71.0357,27.8492,35.55,80,0,12.66,clear sky
620,Miki,JP,2022-03-14 03:39:29,34.8,134.9833,67.62,59,30,6.11,scattered clouds
621,San Jeronimo,PE,2022-03-14 03:35:55,-11.9472,-75.2829,46.24,91,98,2.3,overcast clouds
622,Mahanoro,MG,2022-03-14 03:39:29,-19.9,48.8,74.39,91,99,7.76,light rain
623,Ternate,ID,2022-03-14 03:39:30,0.8,127.4,84.78,71,18,3.62,few clouds
624,Jardim,BR,2022-03-14 03:39:30,-21.4803,-56.1381,67.91,91,17,2.37,few clouds
625,Raudeberg,NO,2022-03-14 03:39:30,61.9875,5.1352,45.27,61,99,8.61,overcast clouds
626,Tuy Hoa,VN,2022-03-14 03:39:30,13.0833,109.3,82.72,69,89,7.34,overcast clouds
627,Cayhagan,PH,2022-03-14 03:39:31,9.6697,122.4256,85.17,69,86,5.5,overcast clouds
628,Maragogi,BR,2022-03-14 03:39:31,-9.0122,-35.2225,78.08,84,97,4.61,overcast clouds
629,Muyezerskiy,RU,2022-03-14 03:39:31,63.9333,31.65,31.71,95,100,3.4,overcast clouds
630,Sioux Lookout,CA,2022-03-14 03:39:32,50.1001,-91.917,6.87,85,20,4.61,few clouds
631,Kosa,RU,2022-03-14 03:39:32,59.9445,54.9977,13.48,94,99,7.09,overcast clouds
632,Contamana,PE,2022-03-14 03:39:32,-7.3333,-75.0167,71.04,99,89,2.19,overcast clouds
633,Viransehir,TR,2022-03-14 03:39:33,37.2353,39.7631,33.08,90,90,2.64,overcast clouds
634,Hay River,CA,2022-03-14 03:39:33,60.8156,-115.7999,-11.22,64,20,2.3,few clouds
635,Campbellton,CA,2022-03-14 03:39:33,48.0075,-66.6727,14.45,95,41,5.26,scattered clouds
636,Sao Felix Do Xingu,BR,2022-03-14 03:39:34,-6.6447,-51.995,71.6,99,84,1.52,broken clouds
637,Pringsewu,ID,2022-03-14 03:39:34,-5.3582,104.9744,85.59,74,92,0.43,overcast clouds
638,Saint-Pierre,RE,2022-03-14 03:39:34,-21.3393,55.4781,77.92,88,100,9.22,light rain
639,Dali,CN,2022-03-14 03:39:34,25.7,100.1833,72.41,20,91,1.25,overcast clouds
640,Castlemaine,AU,2022-03-14 03:39:35,-37.0667,144.2167,86.29,30,91,8.12,overcast clouds
641,Avera,US,2022-03-14 03:39:35,33.194,-82.5271,36.55,39,2,5.53,clear sky
642,Kysyl-Syr,RU,2022-03-14 03:39:35,63.8986,122.7617,0.55,83,100,5.97,overcast clouds
643,Trat,TH,2022-03-14 03:39:35,12.5,102.5,89.82,55,99,3.22,overcast clouds
644,Kimparana,ML,2022-03-14 03:39:36,12.8347,-4.9244,80.37,14,27,7.58,scattered clouds
645,Bucerias,MX,2022-03-14 03:39:36,20.75,-105.3333,71.98,83,0,0.0,clear sky
646,Krasnoselkup,RU,2022-03-14 03:39:36,65.7,82.4667,-2.56,97,100,8.41,overcast clouds
647,West Wendover,US,2022-03-14 03:39:37,40.7391,-114.0733,40.21,52,75,8.05,broken clouds
648,Akureyri,IS,2022-03-14 03:39:37,65.6835,-18.0878,28.33,74,0,10.36,clear sky
649,Vestmannaeyjar,IS,2022-03-14 03:39:37,63.4427,-20.2734,41.14,59,99,27.16,overcast clouds
650,Bintulu,MY,2022-03-14 03:39:37,3.1667,113.0333,88.21,74,40,2.3,scattered clouds
651,Matai,TZ,2022-03-14 03:39:38,-8.3,31.5167,56.25,89,94,2.33,overcast clouds
652,Sirur,IN,2022-03-14 03:39:38,18.8333,74.3833,88.47,12,10,10.78,clear sky
653,Gorontalo,ID,2022-03-14 03:39:38,0.5412,123.0595,90.32,62,46,2.77,scattered clouds
654,Shu,KZ,2022-03-14 03:39:38,43.5983,73.7614,41.88,87,100,4.38,moderate rain
655,Honiara,SB,2022-03-14 03:35:32,-9.4333,159.95,84.79,73,64,4.83,broken clouds
656,Scottsbluff,US,2022-03-14 03:39:39,41.8666,-103.6672,48.43,47,40,14.97,scattered clouds
657,Teguldet,RU,2022-03-14 03:39:39,57.3064,88.1667,5.41,84,15,5.5,few clouds
658,Kodino,RU,2022-03-14 03:39:39,63.7198,39.6447,10.87,99,75,2.98,broken clouds
659,Monrovia,LR,2022-03-14 03:34:56,6.3005,-10.7969,77.9,89,97,8.63,light rain
660,Tromso,NO,2022-03-14 03:38:38,69.6496,18.957,33.39,80,0,3.44,clear sky
661,Mitchell,US,2022-03-14 03:39:40,43.7094,-98.0298,38.1,73,0,5.99,clear sky
662,Springfield,US,2022-03-14 03:39:03,37.2153,-93.2982,51.66,36,0,12.66,clear sky
663,Tazovskiy,RU,2022-03-14 03:39:40,67.4667,78.7,-7.44,100,100,6.24,overcast clouds
664,Leninskoye,KZ,2022-03-14 03:39:40,41.7589,69.3864,50.43,83,100,1.9,overcast clouds
665,Ishinomaki,JP,2022-03-14 03:39:41,38.4167,141.3,50.0,82,81,10.25,broken clouds
666,Mount Darwin,ZW,2022-03-14 03:39:41,-16.7725,31.5838,62.42,98,29,2.53,scattered clouds
667,Sestu,IT,2022-03-14 03:39:41,39.2943,9.093,56.71,83,20,14.97,few clouds
668,Arkhara,RU,2022-03-14 03:39:42,49.4212,130.0842,24.76,80,100,2.15,overcast clouds
669,Antofagasta,CL,2022-03-14 03:39:42,-23.65,-70.4,63.68,80,50,5.93,scattered clouds
670,Cumra,TR,2022-03-14 03:39:42,37.5732,32.7745,21.34,87,20,4.61,few clouds
671,Shitanjing,CN,2022-03-14 03:39:42,39.2342,106.3439,54.9,12,15,8.03,few clouds
672,Fare,PF,2022-03-14 03:39:43,-16.7,-151.0167,82.06,72,35,11.86,scattered clouds
673,Pindi Bhattian,PK,2022-03-14 03:39:43,31.8978,73.273,81.36,30,11,0.74,few clouds
674,Akyab,MM,2022-03-14 03:39:43,20.15,92.9,84.76,41,8,0.87,clear sky
